case_id,report
00320399-b3ed-447c-be07-a3e3b9af6e2e,"FINDINGS:
LIVER: Normal in size and attenuation. No focal hepatic lesion.
GALLBLADDER AND BILIARY TREE: Gallbladder is surgically absent, with surgical clips noted in the gallbladder fossa. No biliary ductal dilatation.
PANCREAS: Normal in size and contour.
SPLEEN: Small splenic calcification noted. Otherwise normal.
ADRENAL GLANDS: Normal in size and morphology.
KIDNEYS AND URETERS: Normal appearance without renal calculi or hydronephrosis.
URINARY BLADDER: Normal. No calculus or mass lesion.
REPRODUCTIVE: The uterus and ovaries/prostate are normal in appearance.
MAJOR VESSELS: The abdominal aorta is normal in caliber.
PERITONEUM: No ascites. No pneumoperitoneum.
ABDOMINAL WALL: The abdominal wall is unremarkable. No hernia.
LYMPH NODES: No significant mesenteric or retroperitoneal lymphadenopathy.
STOMACH AND BOWEL: Appendix is surgically absent, with surgical suture at the cecum. Colonic diverticulosis is present, with focal moderate pericolonic fat stranding adjacent to the sigmoid colon, consistent with acute diverticulitis. No adjacent fluid collection or abscess. No extraluminal free air. No evidence of bowel obstruction.
BONES: No acute osseous abnormality.
Pelvic phleboliths are noted.

IMPRESSION:
1. Acute sigmoid diverticulitis, without adjacent abscess or extraluminal free air.
2. Surgically absent gallbladder and appendix, with expected postsurgical changes (surgical clips in the gallbladder fossa, surgical suture at the cecum).
3. Small splenic calcification and pelvic phleboliths, likely incidental.
No evidence of bowel obstruction."
01b1c9ab-800b-4963-b11d-9d503952e57c,"FINDINGS:
VERTEBRAE: Normal density and alignment. No fracture or osseous lesion. Mild degenerative facet changes in the lower lumbar spine.
DISC SPACES: Preserved.
SOFT TISSUES: Unremarkable.

IMPRESSION:
Mild lower lumbar facet degenerative changes. No acute abnormality evident in the lumbar spine."
02aae38a-088b-4cae-bfdc-f0fb38da565d,"FINDINGS:
VERTEBRAE: Normal density. Mild scoliosis with convexity to the left. Degenerative changes are noted. No fracture or osseous lesion.
DISC SPACES: Preserved.
SOFT TISSUES: Unremarkable.

IMPRESSION:
Mild degenerative changes with mild scoliosis, convexity to the left. No acute abnormality evident in the thoracic spine."
045ea333-6d30-4edf-9d33-8ed3feb0772d,"FINDINGS:
VERTEBRAE: Normal vertebral body heights are maintained. No acute fracture or focal osseous lesion. Marrow signal is within normal limits for age, except for a benign-appearing vertebral hemangioma within the L2 vertebral body.
ALIGNMENT: Straightening of the normal lumbar lordosis is noted. No spondylolisthesis.
SPINAL CORD: The conus medullaris terminates at a normal level, demonstrating normal signal and contour. The cauda equina nerve roots are unremarkable. No significant focal compression of the cauda equina is seen.
DISCS/DEGENERATIVE CHANGES: Multilevel degenerative spondylotic changes are seen, with marginal osteophyte formation and multilevel intervertebral disc desiccation and bulging. No significant facet arthropathy or ligamentum flavum hypertrophy.
L1-L2: Mild diffuse disc bulge, without significant central canal stenosis or neural foraminal compromise.
L2-L3: Diffuse disc bulge with bilateral neural foraminal narrowing. Mild degenerative endplate changes. Focal marrow/soft-tissue edema-like signal along the anterior adjacent endplate.
L3-L4: Diffuse disc bulge with bilateral foraminal extension, causing bilateral neural foraminal narrowing with crowding and impingement of the exiting nerve roots.
L4-L5: Diffuse disc bulge with bilateral neural foraminal narrowing. The AP diameter of the central spinal canal measures approximately 9.6 mm, suggestive of mild central canal stenosis.
L5-S1: Diffuse disc bulge with bilateral foraminal extension, causing bilateral neural foraminal narrowing and impingement of the exiting nerve roots. The central canal measures approximately 12 mm in AP diameter.
PARASPINAL SOFT TISSUES: The visualized paraspinal soft tissues are grossly unremarkable.
Focal marrow/soft-tissue edema-like signal is also noted involving the spinous process of L4.

IMPRESSION:
1. Multilevel lumbar spondylotic degenerative changes with multilevel disc bulges.
2. L3-L4 bilateral neural foraminal narrowing with impingement of the bilateral exiting nerve roots.
3. L4-L5 disc bulge with mild central canal stenosis (canal AP diameter ~9.6 mm) and impingement of the bilateral exiting nerve roots.
4. L5-S1 bilateral foraminal narrowing with impingement of the bilateral exiting nerve roots.
5. Focal marrow/soft-tissue edema-like signal involving the anterior adjacent endplate at L2-L3 and the spinous process of L4; correlate clinically and consider further evaluation if clinically indicated.
6. Vertebral hemangioma at L2."
06ef946f-5b3b-4b7c-a64f-58c184dca4e6,"FINDINGS:
BONES: No acute fracture or focal lesion. Mild diffuse osseous demineralization.
JOINTS: No dislocation; glenohumeral alignment is maintained. The glenohumeral joint space is relatively maintained. Mild degenerative changes of the acromioclavicular joint. The articular margins are otherwise normal.
SOFT TISSUES: No focal soft tissue abnormality or radiopaque foreign body identified.

IMPRESSION:
No acute osseous abnormality of the left shoulder. Mild acromioclavicular joint osteoarthritis."
06f6de2d-bf9e-42fa-9ae0-ba07e80fb272,"FINDINGS:
VERTEBRAE: No acute compression fracture, subluxation, or aggressive osseous lesion. Vertebral body heights are maintained. No significant marrow abnormality; normal marrow signal throughout.
ALIGNMENT: Exaggerated thoracic kyphotic curvature is noted.
SPINAL CORD: The thoracic spinal cord is normal in caliber and morphology. No focal cord indentation or compression. No abnormal intramedullary T2/STIR hyperintense signal or cord edema. The conus medullaris terminates at the L1-L2 level.
DISCS/DEGENERATIVE CHANGES: Multilevel degenerative spondylotic changes are seen, with disc desiccation and small marginal osteophyte formation. No significant focal disc bulge, disc extrusion, or posterior disc protrusion. The facet joints are well-maintained. No significant spinal canal stenosis or neural foraminal compromise.
PARASPINAL SOFT TISSUES: No significant prevertebral or paravertebral soft-tissue abnormality.

IMPRESSION:
Exaggerated thoracic kyphosis. Multilevel mild thoracic spondylotic degenerative changes with small marginal osteophytes. No significant disc protrusion, spinal canal stenosis, or neural foraminal compromise. No cord compression or abnormal cord signal changes."
080b9ad5-a25a-4de6-b52c-d1464ea43e93,"FINDINGS:
BONES: Possible fracture of the left lesser trochanter. Orthopedic hardware is noted along the diaphysis of the left femur, related to prior surgery. No other acute fracture or focal osseous lesion identified.
JOINTS: Bilateral hip joint prostheses (total hip replacements) are in place. Sacroiliac joints appear normal. No hip joint dislocation identified.
SOFT TISSUES: Calcification is noted within the left thigh soft tissues. Otherwise unremarkable.

IMPRESSION:
1. Bilateral total hip replacements.
2. Possible fracture of the left lesser trochanter.
3. Orthopedic hardware along the left femoral diaphysis, related to prior surgery.
4. Calcification within the left thigh soft tissues, likely incidental."
09293ce5-df84-44b4-9882-b8cddd1a1ac1,"FINDINGS:
BONES: No acute fracture or focal osseous lesion.
JOINTS: No dislocation. Alignment is maintained. Mild degenerative changes of the left hip joint, with superolateral joint space narrowing, subchondral sclerosis, and marginal osteophyte formation. The left sacroiliac joint demonstrates degenerative arthropathy with subchondral sclerosis and mild joint space irregularity.
SOFT TISSUES: The visualized soft tissues are unremarkable.

IMPRESSION:
Mild left hip osteoarthritic changes. Left sacroiliac joint arthropathy. No acute osseous abnormality."
0b2c0c30-d4e5-4dcb-8d13-1f46e2644979,"FINDINGS:
VERTEBRAE: No acute fracture, subluxation, or aggressive osseous lesion. No significant vertebral body collapse or retropulsion. Vertebral body heights are maintained. Altered marrow signal intensity is noted involving the T7, T8, and T9 vertebral bodies, hyperintense on T1- and T2-weighted images and on STIR sequences, with predominant involvement of T8, favoring vertebral hemangiomatous changes, particularly at T7 and T8. Mild STIR hyperintense signal is also seen along the inferior endplate of T8 and superior endplate of T9, with mild adjacent endplate irregularity, likely reactive/degenerative in nature.
ALIGNMENT: Anatomic alignment of the thoracic spine is preserved.
SPINAL CORD: No significant abnormality of the thoracic spinal cord is identified. The visualized cord demonstrates preserved caliber and signal intensity. The conus medullaris terminates at the L1-L2 level.
DISCS/DEGENERATIVE CHANGES: Multilevel mild degenerative spondylotic changes are seen with marginal osteophyte formation and associated disc desiccation. No significant focal disc protrusion or extrusion. Mild reactive/endplate marrow edema-like signal along the T8-T9 disc space, with mild endplate irregularity, likely degenerative/stress-related. The facet joints are well-maintained. No significant central canal stenosis or neural foraminal compromise.
PARASPINAL SOFT TISSUES: No significant paravertebral or epidural soft-tissue component is evident.
OTHER FINDINGS:
There is straightening of the cervical spine with multilevel degenerative disc changes and diffuse disc bulges, causing indentation of the ventral thecal sac. No significant cervical spinal cord indentation is evident on the provided images.

IMPRESSION:
1. T7-T9 vertebral body marrow signal alterations, predominantly involving T8, with T1/T2 and STIR hyperintensity, favoring benign vertebral hemangiomatous changes.
2. Mild reactive/endplate marrow edema-like signal along the T8-T9 disc space, with mild endplate irregularity, likely degenerative/stress-related.
3. Multilevel dorsal spondylotic degenerative changes with osteophyte formation and disc desiccation. No significant dorsal spinal canal stenosis or neural compression.
4. No significant thoracic cord signal abnormality.
Contrast-enhanced MRI of the dorsal spine is recommended for further characterization of the atypical/heterogeneous marrow signal and to confirm benign hemangiomatous etiology."
0c89b0eb-2ad2-4f31-8f80-f2bb4cd8679a,"FINDINGS:
LOWER THORAX: No pleural effusion or basilar consolidation.
LIVER: Mildly enlarged, measuring approximately 16 cm in craniocaudal span. Normal signal intensity. No focal hepatic lesion.
GALLBLADDER AND BILE DUCTS: The gallbladder is not visualized, consistent with postoperative (cholecystectomy) status. The common bile duct is normal in caliber, with no intraluminal filling defect or obstructive dilatation. No intrahepatic biliary ductal dilatation.
PANCREAS: Normal in size and signal intensity. The main pancreatic duct is not dilated. No focal pancreatic lesion.
SPLEEN: Mildly enlarged, measuring approximately 12.2 cm. Normal signal intensity.
ADRENALS: The adrenal glands are normal in size and configuration.
KIDNEYS: Normal in size, position, and signal intensity. No hydronephrosis or suspicious renal mass.
STOMACH AND BOWEL: The visualized portions of the stomach and bowel are unremarkable. No bowel wall thickening or obstruction.
LYMPH NODES: No significant upper abdominal lymphadenopathy is seen.
VASCULATURE: The abdominal aorta and major visceral vessels are patent. No evidence of aneurysm or dissection.
OTHER FINDINGS:
No significant free fluid is seen.

IMPRESSION:
1. Post-cholecystectomy status.
2. No biliary dilatation; CBD is normal in caliber. No choledocholithiasis.
3. Mild hepatomegaly.
4. Mild splenomegaly.
5. Pancreas and main pancreatic duct are unremarkable."
105e2008-9924-4bff-9a63-de279e451878,"FINDINGS:
VERTEBRAE: Normal density. Mild dextroconvex scoliosis of the mid thoracic spine. Mild chronic-appearing vertebral body height loss involving the upper to mid thoracic spine. No acute fracture or subluxation.
DISC SPACES: Mild multilevel disc space narrowing with small marginal osteophytes.
SOFT TISSUES: The visualized paraspinal soft tissues are unremarkable.

IMPRESSION:
Mild multilevel thoracic spondylosis. Mild dextroconvex scoliosis of the mid thoracic spine. Mild chronic-appearing vertebral body height loss in the upper to mid thoracic spine. No acute fracture or subluxation. Suggest MRI of the thoracic spine for further evaluation, as clinically indicated."
10936c93-1fbc-49e8-a51e-580807955fb8,"FINDINGS:
INTERNAL CAROTID ARTERIES: Multifocal atherosclerotic plaques are noted involving the proximal right internal carotid artery, just distal to the carotid bifurcation, producing moderate luminal narrowing of approximately 35-40%. Focal eccentric atherosclerotic plaque/irregularity is noted involving the mid left internal carotid artery, without significant luminal stenosis or appreciable reduction in caliber. No dissection or aneurysmal dilatation.
COMMON CAROTID ARTERIES: Patent bilaterally. No significant stenosis, dissection, or high-grade plaque.
EXTERNAL CAROTID ARTERIES: Patent bilaterally with normal branching patterns. No significant stenosis or dissection.
VERTEBRAL ARTERIES: The right vertebral artery is hypoplastic, without significant stenosis, dissection, or flow-limiting lesion. The left vertebral artery is patent from its origin to the vertebrobasilar junction and of normal caliber, without significant stenosis, dissection, or flow-limiting lesion.
BASILAR ARTERY: Patent and demonstrates normal caliber. No significant stenosis or dissection.
SOFT TISSUES: The visualized soft tissues of the neck are symmetric and without evidence of mass or abnormal fluid collection.
OTHER FINDINGS:
Evaluation is mildly limited by multiple artifacts.

IMPRESSION:
Multifocal atherosclerotic plaques in the proximal right ICA with approximately 35-40% luminal narrowing. Hypoplastic right vertebral artery. Focal plaque/irregularity in the mid left ICA without significant stenosis. No significant arterial occlusion."
11c886c3-f3ea-4f49-8253-026fdc431bf5,"FINDINGS:
BONES: No acute fracture. No focal osseous destructive lesion.
JOINTS: No dislocation. Multiple degenerative changes are noted in the wrist with multifocal reduction of joint spaces, marginal osteophyte formation, and subchondral sclerosis, most pronounced at the 1st carpometacarpal (CMC) joint with appreciable joint-space narrowing and osteophyte formation. Mild degenerative changes are also seen at the remaining visualized intercarpal and carpometacarpal articulations.
SOFT TISSUES: Soft tissues are grossly unremarkable.

IMPRESSION:
Multifocal osteoarthritic/degenerative changes of the wrist, with multiple reduced joint spaces. More pronounced osteoarthritis at the 1st carpometacarpal joint. No acute osseous abnormality."
12868962-9d03-46f0-8386-538365e5f561,"FINDINGS:
ALIGNMENT: Cervical spinal alignment is maintained. Normal cervical lordosis.
VERTEBRAL BODIES: Vertebral body heights are preserved. Normal marrow signal. Multilevel degenerative spondylotic changes are noted, predominantly from C3 to C7, with disc space reduction and osteophyte/disc-complex formation. No gross focal abnormality is identified in the visualized posterior elements.
SPINAL CORD: Mild cord signal hyperintensity/edema is noted at the C3-C4 level, adjacent to the disc-osteophyte complex. Otherwise, the cord demonstrates normal signal and caliber without frank cord compression.
C2-3: No disc herniation or spinal canal stenosis. No neural foraminal narrowing.
C3-4: Posterior disc-osteophyte complex indenting the ventral thecal sac and ventral aspect of the spinal cord, with mild adjacent cord signal hyperintensity/edema. The AP spinal canal diameter measures approximately 7.4 mm, suggestive of significant canal stenosis.
C4-5: Reduced disc space with posterior disc herniation/disc-osteophyte complex, causing ventral thecal sac indentation and right neural foraminal narrowing with compression of the exiting right nerve root.
C5-6: Marked reduction of disc space with posterior disc protrusion/disc-osteophyte complex, causing indentation of the ventral thecal sac and bilateral neural foraminal narrowing with compression of the exiting bilateral nerve roots. The AP spinal canal diameter measures approximately 7.7 mm, suggestive of significant canal stenosis.
C6-7: Reduced/obliterated disc space with associated degenerative changes; detailed evaluation is limited by metallic artifacts.
C7-T1: No disc herniation or spinal canal stenosis. No neural foraminal narrowing.
PARAVERTEBRAL SOFT TISSUES: Prevertebral soft tissues are unremarkable.

IMPRESSION:
Multilevel cervical spondylosis with significant degenerative disc disease, predominantly from C3-C4 to C6-C7. C3-C4 posterior disc-osteophyte complex causing significant canal stenosis (AP diameter ~7.4 mm), with ventral cord indentation and mild adjacent cord edema/signal alteration. C4-C5 disc herniation/disc-osteophyte complex with right foraminal narrowing and compression of the exiting right nerve root. C5-C6 posterior disc protrusion with significant canal stenosis (AP diameter ~7.7 mm) and bilateral foraminal narrowing with compression of the exiting nerve roots. Marked disc space reduction/obliteration at C4-C5, C5-C6, and C6-C7. Evaluation is partially limited by metallic susceptibility artifacts."
17439506-c1c2-4f1b-aa4f-5128681b9b15,"FINDINGS:
VERTEBRAE: Normal density. Vertebral body heights and alignment are maintained. No fracture or listhesis. Moderate facet joint arthropathy at L5-S1.
DISC SPACES: Severe disc space narrowing at L5-S1. Moderate disc space narrowing at L4-L5 and from T12-L1 through L2-L3. Small multilevel marginal osteophytes are present.
SOFT TISSUES: Unremarkable.
OTHER FINDINGS:
Atherosclerotic calcification of the abdominal aorta. Mild to moderate osteoarthritis of both hips and sacroiliac joints.

IMPRESSION:
Multilevel lumbar spondylosis, with severe degenerative disc disease at L5-S1 and moderate degenerative disc disease at L4-L5 and from T12-L1 through L2-L3. Moderate L5-S1 facet arthropathy. No fracture or listhesis. Mild to moderate bilateral hip and sacroiliac joint osteoarthritis. Atherosclerotic calcification of the abdominal aorta. Suggest MRI of the lumbar spine for further evaluation, as clinically indicated."
196725dd-aeab-462d-bad5-6e9c8e7cd764,"FINDINGS:
VERTEBRAE: Normal density and alignment. No fracture or osseous lesion. Degenerative changes with osteophyte formation are noted.
DISC SPACES: Reduced disc space at L5-S1. Otherwise preserved.
SOFT TISSUES: Unremarkable.

IMPRESSION:
Degenerative changes with osteophyte formation and reduced disc space at L5-S1. No acute abnormality evident in the lumbar spine."
196b8d20-65fe-4f3d-9e17-1504509a88e8,"FINDINGS:
BONES: No fracture or focal lesion.
JOINTS: No dislocation. Decreased acromiohumeral space, which may suggest rotator cuff insufficiency. The articular margins are otherwise normal.
SOFT TISSUES: The soft tissues are unremarkable.

IMPRESSION:
Decreased acromiohumeral space, suggestive of possible rotator cuff insufficiency. No acute osseous abnormality of the left shoulder."
198a07f6-1166-4cfd-81be-e76d63b78606,"FINDINGS:
OSSEOUS STRUCTURES: No acute fracture, dislocation, or marrow-replacing lesion. Postoperative tunnel-related changes involving the lateral femoral condyle and proximal tibia, related to prior ACL reconstruction.
JOINT: Knee joint alignment is maintained. No significant joint effusion.
MENISCI:
MEDIAL MENISCUS: Complex full-thickness tear of the posterior horn, extending to both the superior and inferior articular surfaces, with associated edema/altered signal intensity involving the posterior horn and body.
LATERAL MENISCUS: Heterogeneous altered intrameniscal signal with mild bulky appearance of the anterior horn, suspicious for meniscal degeneration/intrasubstance injury. The posterior horn and body are otherwise maintained.
LIGAMENTS:
ANTERIOR CRUCIATE LIGAMENT: Postoperative changes related to prior ACL reconstruction (graft in situ) with femoral and tibial tunnel-related changes; graft integrity to be assessed on dedicated sagittal/oblique sequences.
POSTERIOR CRUCIATE LIGAMENT: Intact with normal morphology and signal intensity.
MEDIAL COLLATERAL LIGAMENT: Intact.
LATERAL COLLATERAL LIGAMENT COMPLEX: Intact.
ARTICULAR CARTILAGE: Cartilage thickness and signal are preserved.
EXTENSOR MECHANISM: Quadriceps and patellar tendons are intact.
BURSAE: No significant bursitis.
MUSCULATURE: Normal bulk and signal.
SOFT TISSUES: No mass or fluid collection.

IMPRESSION:
1. Complex full-thickness tear of the posterior horn of the medial meniscus extending to both articular surfaces, with associated edema-like signal in the posterior horn and body.
2. Heterogeneous altered signal and mild bulky appearance of the anterior horn of the lateral meniscus, suspicious for degeneration/intrasubstance injury.
3. Postsurgical changes of ACL reconstruction with femoral and tibial tunnel-related changes; graft integrity to be assessed on dedicated sequences. PCL is intact.
4. No acute osseous abnormality of the right knee."
1ab020d7-5b7a-4e9e-9d76-38b670566ce4,"FINDINGS:
BONES: No acute fracture or focal destructive osseous lesion.
JOINTS: Severe tricompartmental degenerative osteoarthritic changes, with marked medial compartment-predominant joint space narrowing, prominent marginal osteophyte formation, and subchondral sclerosis. Degenerative hypertrophic changes are also seen involving the lateral and patellofemoral compartments, with prominent tibial spine and patellar osteophytes and subchondral cystic/sclerotic changes. Several well-defined ossific densities are seen within the joint space, including one in the suprapatellar region, compatible with intra-articular loose bodies. No dislocation. Mild joint effusion may be present.
SOFT TISSUES: The soft tissues are unremarkable.

IMPRESSION:
1. Severe tricompartmental osteoarthritis, predominantly medial compartment, with marked joint-space narrowing, prominent osteophytes and subchondral sclerosis.
2. Intra-articular ossific loose bodies.
3. No acute osseous abnormality."
1b903418-bbc6-43ff-a549-d5bd266ec023,"FINDINGS:
BLADDER: The bladder is well-distended and anechoic. The bladder wall is smooth and of normal thickness. No intraluminal mass, calculus, or debris is identified. Post-void bladder volume measures approximately 121.3 mL, calculated from bladder dimensions of approximately 9.03 x 6.57 x 3.90 cm (length x width x AP diameter), representing a significant post-void residual suggestive of incomplete bladder emptying. Pre-void bladder volume was not available for comparison.

IMPRESSION:
Significant post-void residual urinary bladder volume of approximately 121 mL, suggestive of incomplete bladder emptying. Clinical correlation and urological evaluation may be considered in view of the history of urinary retention."
1c30fb15-29cc-4bad-a901-0a65cd45693b,"FINDINGS:
LIVER: Mildly enlarged, measuring approximately 17 cm in craniocaudal span, with normal signal. Few small simple hepatic cysts are noted. No definite solid focal hepatic lesion.
GALLBLADDER: Unremarkable. No calculus or wall thickening.
BILIARY TREE: The intrahepatic and extrahepatic bile ducts are normal in caliber. The common bile duct measures within normal limits. No filling defect or stricture.
PANCREATIC DUCT: Normal in caliber. No filling defect.
PANCREAS: Normal in size and morphology. No focal pancreatic mass or other abnormality identified.
SPLEEN: Normal in size and signal intensity. No focal splenic lesion.
KIDNEYS: Right kidney is ectopic (pelvic in location) and malrotated. Few simple cortical cysts are seen in both kidneys. No definite solid renal mass.

IMPRESSION:
1. Mild hepatomegaly, liver measuring approximately 17 cm, with few simple hepatic cysts.
2. Ectopic and malrotated right kidney.
3. Few simple bilateral renal cortical cysts.
4. No significant abnormality of the gallbladder, CBD, spleen, or pancreas."
1cf88557-17c5-454a-bb1e-0435040ec676,"FINDINGS:
BONES: No acute fracture or focal osseous lesion. A small, well-corticated osseous fragment is noted adjacent to the proximal interphalangeal joint of the third finger, likely representing an accessory ossicle.
JOINTS: No dislocation. The joint spaces are normal.
SOFT TISSUES: The soft tissues are unremarkable.

IMPRESSION:
Small, well-corticated accessory ossicle adjacent to the PIP joint of the third finger, a likely normal variant. No acute osseous abnormality."
1db5fa23-cb88-4d4f-9251-8adba6ae0d65,"FINDINGS:
BONES: No acute fracture or focal osseous lesion.
JOINTS: No dislocation. Early osteophyte formation is noted. The joint spaces are otherwise normal.
SOFT TISSUES: The soft tissues are unremarkable.

IMPRESSION:
Early osteophyte formation, compatible with early degenerative change. No acute osseous abnormality."
24c20e73-6a0e-40b7-a087-b43c80550e61,"FINDINGS:
VERTEBRAE: Diffuse osseous demineralization. Mild dextroconvex thoracolumbar curvature is present. Vertebral body heights are maintained without acute compression fracture. No osseous lesion.
DISC SPACES: Multilevel degenerative disc space narrowing and endplate osteophyte formation, greatest at L4-L5, with lower lumbar facet arthropathy.
SOFT TISSUES: Unremarkable.
Sacroiliac joints are maintained.

IMPRESSION:
1. Multilevel lumbar degenerative disc disease, most pronounced at L4-L5, with facet arthropathy.
2. Mild dextroconvex thoracolumbar curvature.
3. Diffuse osseous demineralization.
4. No acute compression fracture or osseous lesion."
25173dfe-2de4-448d-ad6c-1fd39e90ac32,"FINDINGS:
BONES: Subacute to chronic fracture deformity of the proximal fibula. No acute fracture or dislocation. No focal osseous lesion.
JOINTS: Moderate medial and lateral compartment joint space narrowing with small marginal osteophytes and tibial plateau subchondral sclerosis. Moderate patellofemoral joint space narrowing with subchondral sclerosis. Small suprapatellar joint effusion.
SOFT TISSUES: Atherosclerotic calcifications of the visualized arteries are present. Several small linear radiopaque densities project over the soft tissues of the leg, which may represent surgical clips or retained foreign bodies.

IMPRESSION:
1. Moderate tricompartmental osteoarthritis.
2. Subacute to chronic fracture deformity of the proximal fibula.
3. Small suprapatellar joint effusion.
4. Atherosclerotic vascular calcifications.
5. Small linear radiopaque densities within the leg soft tissues, possibly surgical clips or retained foreign bodies.
6. No acute osseous abnormality."
253c32fe-ce5f-4e4c-86c6-bea1e11db610,"FINDINGS:
BONES: No acute fracture or focal osseous lesion. Calcaneal spur is noted, likely at the plantar aspect of the calcaneus.
JOINTS: Degenerative osteoarthritic changes are noted in the visualized joints, with multiple joint spaces reduced and associated marginal osteophyte formation and subchondral degenerative changes. No dislocation.
SOFT TISSUES: The soft tissues are unremarkable.

IMPRESSION:
1. Multicompartmental degenerative osteoarthritic changes with multiple reduced joint spaces.
2. Calcaneal spur.
3. No acute osseous abnormality."
264a47c5-2b2e-44c6-a38a-bcf692ab5c0e,"FINDINGS:
There is straightening of the cervical spine. The spinal alignment is otherwise maintained without evidence of spondylolisthesis or subluxation.
The vertebral body and disc space heights are preserved. No compression deformity. Facets are normal in appearance and alignment without degenerative change.
No acute fracture is identified.
The odontoid process is intact.
No lytic or blastic lesions.
The prevertebral soft tissues are normal. The airway is normal. The visualized lung apices are clear.
Anterior discectomy and fusion status at C5-6, with a disc prosthesis, anterior plate, and interbody screws. No hardware loosening or abnormality. The disc prosthesis is well seated without slippage.

IMPRESSION:
1. Straightening of the cervical spine.
2. C5-6 anterior plate and screw fusion with disc prosthesis. No loosening or complication evident.
3. No acute fracture or subluxation."
268db61b-f6a7-4a5f-96d7-9fe250b3cee5,"FINDINGS:
LIGAMENTS:
ANTERIOR TALOFIBULAR: Intact and normal in course and signal intensity.
POSTERIOR TALOFIBULAR: Intact and normal in course and signal intensity.
ANTERIOR TIBIOFIBULAR: Intact and normal in course and signal intensity.
POSTERIOR TIBIOFIBULAR: Intact and normal in course and signal intensity.
CALCANEOFIBULAR: Intact and normal in course and signal intensity.
DELTOID: The deep and superficial components are intact.
SPRING: The superomedial, medioplantar oblique, and inferoplantar longitudinal components are intact.
LISFRANC: The Lisfranc ligament complex is intact.
TENDONS:
ACHILLES: Mildly thickened with increased signal intensity, compatible with tendinosis. Tendon continuity is maintained. No paratenonitis.
POSTERIOR TIBIAL: Intact without discrete tear. Fluid is present within the tendon sheath, compatible with tenosynovitis.
FLEXOR: The flexor hallucis longus and flexor digitorum longus tendons are intact without discrete tear; fluid is present within the tendon sheaths, compatible with tenosynovitis.
EXTENSOR: The extensor hallucis longus, extensor digitorum longus, and tibialis anterior tendons are intact without tenosynovitis.
PERONEAL: The peroneus longus and brevis tendons demonstrate increased intrasubstance signal with mild surrounding tendon-sheath fluid, compatible with tendinosis and tenosynovitis. No discrete tear.
BONES: No acute fracture, dislocation, or subluxation. Subtle subchondral marrow edema is noted in the talus, without a definite fracture line, articular-surface collapse, or osteochondral defect. No aggressive osseous lesion.
MUSCLES: Normal bulk and signal intensity without evidence of tear, edema, or atrophy.
FLUID: Mild tibiotalar joint effusion is present. No subtalar joint effusion.
SINUS TARSI: No sinus tarsi syndrome. The cervical and interosseous talocalcaneal ligaments are intact.
TARSAL TUNNEL: The contents are normal in appearance without evidence of mass or nerve entrapment.
PLANTAR FASCIA: Normal thickness and signal intensity at its calcaneal origin.
CARTILAGE: The articular cartilage of the tibiotalar and subtalar joints is preserved in thickness without focal defect.
OTHER FINDINGS:
The ankle mortise and joint alignment are maintained. The subtalar joint is otherwise unremarkable. No focal soft-tissue mass or collection is identified.

IMPRESSION:
1. Peroneus longus and brevis tendinosis with associated tenosynovitis.
2. Achilles tendinosis without a discrete tear.
3. Tenosynovitis involving the medial flexor tendons, including the tibialis posterior tendon.
4. Subtle talar subchondral marrow edema without a definite fracture or osteochondral defect.
5. Mild tibiotalar joint effusion."
27b6c8e6-cd7b-4bae-8b38-27dae5227f39,"FINDINGS:
BONES: No acute fracture or focal osseous lesion. Diffuse osseous demineralization.
JOINTS: No dislocation. Carpal alignment is maintained. Mild degenerative joint space narrowing and marginal osteophyte formation are present at the thumb carpometacarpal and triscaphe articulations, with mild radiocarpal degenerative change. The remaining joint spaces are normal.
SOFT TISSUES: The soft tissues are unremarkable.

IMPRESSION:
1. Mild degenerative changes of the thumb carpometacarpal, triscaphe, and radiocarpal joints.
2. Diffuse osseous demineralization.
3. No acute fracture or dislocation."
284433c0-f653-4e70-bd6a-db9df082723b,"FINDINGS:
LIGAMENTS:
ANTERIOR TALOFIBULAR: Intact and normal in course and signal intensity.
POSTERIOR TALOFIBULAR: Intact and normal in course and signal intensity.
ANTERIOR TIBIOFIBULAR: Intact and normal in course and signal intensity.
POSTERIOR TIBIOFIBULAR: Intact and normal in course and signal intensity.
CALCANEOFIBULAR: Intact and normal in course and signal intensity.
DELTOID: The deep and superficial components are intact.
SPRING: The superomedial, medioplantar oblique, and inferoplantar longitudinal components are intact.
LISFRANC: The Lisfranc ligament complex is intact.
TENDONS:
ACHILLES: Intact with normal signal intensity. No tendinosis or paratenonitis.
POSTERIOR TIBIAL: Intact with normal signal intensity. No tenosynovitis.
FLEXOR: The flexor hallucis longus tendon demonstrates minimal surrounding fluid posterior to the talus, compatible with mild tenosynovitis. The flexor digitorum longus tendon is intact without tenosynovitis.
EXTENSOR: The extensor hallucis longus, extensor digitorum longus, and tibialis anterior tendons are intact without tenosynovitis.
PERONEAL: The peroneus longus and brevis tendons are intact within the retromalleolar groove without tenosynovitis.
BONES: No acute fracture, dislocation, or subluxation. Normal marrow signal, without focal marrow edema. No osteochondral or aggressive osseous lesion.
MUSCLES: Normal bulk and signal intensity without evidence of tear, edema, or atrophy.
FLUID: Small joint effusions are present within the posterior tibiotalar and posterior subtalar joint recesses.
SINUS TARSI: No sinus tarsi syndrome. The cervical and interosseous talocalcaneal ligaments are intact.
TARSAL TUNNEL: The contents are normal in appearance without evidence of mass or nerve entrapment.
PLANTAR FASCIA: Mild thickening and increased signal intensity involving the central bundle of the plantar fascia at its calcaneal origin, compatible with mild plantar fasciitis. No fascial tear.
CARTILAGE: The articular cartilage of the tibiotalar and subtalar joints is preserved in thickness without focal defect.
OTHER FINDINGS:
No focal soft-tissue collection or mass is demonstrated.

IMPRESSION:
1. Mild flexor hallucis longus tenosynovitis.
2. Small posterior tibiotalar and posterior subtalar joint effusions.
3. Mild plantar fasciitis involving the central bundle at the calcaneal origin.
4. No acute osseous abnormality or focal tendon tear."
2a31cff3-12c2-4939-82d1-b40ad463153f,"FINDINGS:
BONES: Subtle cortical irregularity and a lucent fracture line involving the distal radial metaphysis, compatible with an acute nondisplaced to minimally displaced distal radius fracture. No significant angulation or displacement. Mild diffuse osseous demineralization. No focal osseous lesion.
JOINTS: No dislocation. Carpal alignment is maintained. Mild multifocal degenerative changes of the radiocarpal, intercarpal, and first carpometacarpal joints.
SOFT TISSUES: Mild soft tissue swelling is present. No radiopaque foreign body.

IMPRESSION:
1. Acute nondisplaced to minimally displaced distal radial metaphyseal fracture.
2. No dislocation or significant angulation.
3. Mild multifocal wrist osteoarthritis and diffuse osseous demineralization."
2a3448ce-7802-465b-8137-e7e0baefa477,"FINDINGS:
LIGAMENTS:
MEDIAL COLLATERAL: The deltoid ligament complex is intact.
LATERAL COLLATERAL: The anterior talofibular, calcaneofibular, and posterior talofibular ligaments are intact.
LISFRANC: The Lisfranc ligament is intact. No evidence of malalignment.
TENDONS:
FLEXOR: The flexor hallucis longus, flexor digitorum longus, and posterior tibial tendons are grossly maintained without definite full-thickness tear or evidence of tenosynovitis.
EXTENSOR: The extensor hallucis longus and extensor digitorum longus tendons are grossly maintained without definite full-thickness tear or evidence of tenosynovitis.
PERONEAL: The peroneus longus and brevis tendons are intact within the peroneal retinaculum without evidence of tenosynovitis.
BONES: No definite acute fracture, dislocation, or aggressive osseous lesion. No definite abnormal marrow enhancement to suggest osteomyelitis. Normal marrow signal is demonstrated.
MUSCLES: Mild patchy increased fluid-sensitive signal and enhancement within the intrinsic muscles of the forefoot, compatible with mild muscular strain/edema. Normal muscle bulk without atrophy or discrete tear.
FLUID: No significant joint effusion or synovitis. No discrete rim-enhancing fluid collection or drainable abscess.
SINUS TARSI: The sinus tarsi is clear. No inflammatory changes are seen.
TARSAL TUNNEL: The contents of the tarsal tunnel are normal in appearance. No mass or nerve entrapment.
PLANTAR FASCIA: Normal thickness and signal intensity of the plantar fascia at its calcaneal origin and distally.
CARTILAGE: Mild degenerative changes are noted involving the visualized forefoot joints. The articular cartilage is otherwise preserved in thickness and signal.
OTHER FINDINGS:
Mild diffuse subcutaneous soft-tissue edema/enhancement, predominantly along the dorsal aspect of the forefoot. No definite soft-tissue mass.

IMPRESSION:
1. Mild soft-tissue and intrinsic muscular edema/enhancement in the right forefoot, compatible with strain-related changes.
2. Mild dorsal subcutaneous soft-tissue edema.
3. No acute fracture, dislocation, tendon rupture, or drainable fluid collection.
4. No abnormal marrow enhancement to suggest osteomyelitis."
2aa77bd3-3109-4712-a727-208b11710ba1,"FINDINGS:
VERTEBRAE: Diffuse osseous demineralization. Vertebral body heights are maintained without acute compression fracture or traumatic malalignment. No focal osseous lesion.
DISC SPACES: Multilevel disc space narrowing and endplate osteophyte formation, greatest in the mid to lower thoracic spine.
SOFT TISSUES: Aortic atherosclerotic calcification is noted. Soft tissues are otherwise unremarkable.
OTHER FINDINGS:


IMPRESSION:
1. Multilevel thoracic degenerative disc disease, most pronounced in the mid to lower thoracic spine.
2. Diffuse osseous demineralization.
3. Aortic atherosclerotic calcification.
4. No acute compression fracture or traumatic malalignment."
2baab99b-fea7-4d08-b25e-104098e8f23a,"FINDINGS:
LUNGS: Lungs are clear. No focal air-space consolidation.
PLEURAL SPACES: No pleural effusion or pneumothorax.
HEART: Cardiac silhouette is within normal size limits.
MEDIASTINUM/HILA: Cardiomediastinal silhouette is within normal limits, aside from prominence and tortuosity of the thoracic aortic contour, likely reflecting age-related aortic unfolding/ectasia. No mediastinal widening or hilar enlargement.
DIAPHRAGM: Diaphragms are unremarkable. No subdiaphragmatic free air.
BONES: No acute osseous abnormality identified on this examination.
SOFT TISSUES: No acute soft tissue abnormality identified on the provided images.

IMPRESSION:
Prominent and tortuous thoracic aortic contour, likely chronic aortic ectasia/unfolding. If clinically indicated, correlation with prior or cross-sectional imaging may be considered to exclude significant aortic dilatation. No other acute abnormality."
2bed23d3-bd4c-4e01-a170-ac6a8aa3ad48,"FINDINGS:
BONES: Mild cortical irregularity of the medial aspect of the third metacarpal head/neck region. No acute fracture or other focal osseous lesion is seen.
JOINTS: No dislocation. The joint spaces are normal.
SOFT TISSUES: Soft tissue swelling of the third and fourth digits.

IMPRESSION:
Mild cortical irregularity of the medial aspect of the third metacarpal head/neck region; no acute fracture identified. Soft tissue swelling of the third and fourth digits."
2cae6c98-7e2a-445c-9483-9e7456ea87bb,"FINDINGS:
BONES: No acute fracture or focal osseous lesion. No abnormal periosteal reaction is noted.
JOINTS: No dislocation. Alignment is normal. Marginal osteophytes with mild joint-space narrowing of the medial compartment of the left knee and subchondral sclerosis, consistent with mild osteoarthritis.
SOFT TISSUES: The soft tissues are unremarkable.

IMPRESSION:
Mild left knee osteoarthritis, with marginal osteophytes, medial compartment joint-space narrowing, and subchondral sclerosis.
No acute fracture."
2d02f6ad-8a3f-4755-904c-43b0a19f78af,"FINDINGS:
BONES: No acute fracture or focal osseous lesion. Small well-corticated ossicle posterior to the lateral femoral condyle, compatible with a fabella, a normal anatomic variant.
JOINTS: No dislocation. Joint spaces are maintained without significant degenerative change. No significant knee joint effusion is identified.
SOFT TISSUES: Tiny radiopaque focus within the superficial anterior prepatellar soft tissues, just superior to the patella, nonspecific and possibly representing a small soft-tissue calcification or tiny foreign body.

IMPRESSION:
1. No acute osseous abnormality of the right knee.
2. Tiny nonspecific radiopaque focus in the anterior prepatellar soft tissues; correlate clinically for possible superficial foreign body.
3. Incidental fabella."
2e234e42-3c2c-4337-a953-7e8d7e29ed95,"FINDINGS:
BONES: No acute fracture or focal osseous lesion.
JOINTS: No dislocation. The joint spaces are normal.
SOFT TISSUES: The soft tissues are unremarkable.

IMPRESSION:
No acute osseous abnormality."
2f44b2b6-34c3-4b9b-9026-f8179e24f0af,"FINDINGS:
ORBITS: The globes are symmetric in size and signal intensity. The optic nerves are normal in course and caliber. The extraocular muscles are symmetric and without abnormal enlargement. The retrobulbar fat planes are preserved. No intra- or extraconal mass or inflammatory process is identified.
BONES: The osseous structures of the orbits are intact. No acute fracture or aggressive osseous lesion.
SINUSES: The visualized paranasal sinuses are clear.
EXTRACRANIAL SOFT TISSUES: The visualized extracranial soft tissues are unremarkable.

IMPRESSION:
Unremarkable orbits."
2f6f8173-a0e6-47f6-bd3f-59c888feed95,"FINDINGS:
BONES: No acute fracture or focal osseous lesion. Stable mild enthesopathic changes at the greater trochanters and iliac wings. Stable lower lumbar fixation rods and transpedicular screws are partially visualized.
JOINTS: Stable moderate bilateral hip joint space narrowing with subchondral sclerosis, greater on the left, and stable moderate bilateral sacroiliac joint arthropathy, compatible with osteoarthritis. No dislocation.
SOFT TISSUES: Stable linear surgical staples project over the pelvis and lower lumbar region.
Interval placement of bilateral femoral vascular graft stents.

IMPRESSION:
Stable moderate bilateral hip osteoarthritis, greater on the left. Stable moderate bilateral sacroiliac joint arthropathy. Stable mild enthesopathic changes at the greater trochanters and iliac wings. Stable lower lumbar fixation rods and transpedicular screws. Interval placement of bilateral femoral vascular graft stents. No acute osseous abnormality."
32566854-3c67-4590-8efc-cf69110fba49,"FINDINGS:
VERTEBRAE: Normal density and alignment. Mild degenerative spondylotic changes at L5-S1. No fracture or osseous lesion.
DISC SPACES: Preserved.
SOFT TISSUES: Unremarkable.

IMPRESSION:
Mild degenerative spondylotic changes at L5-S1. No acute abnormality evident in the lumbar spine."
331058ea-8b7e-44ef-bebf-05d6145c618b,"FINDINGS:
VERTEBRAE: Thoracic vertebral body heights and alignment are maintained. No acute compression fracture, traumatic malalignment, or focal osseous abnormality is demonstrated.
DISC SPACES: Intervertebral disc spaces are preserved.
SOFT TISSUES: Unremarkable.

IMPRESSION:
No acute osseous abnormality of the thoracic spine."
33b419a8-93ee-4d85-bab7-ea4be76f78d2,"FINDINGS:
The cervical lordosis is straightened, which may be positional or related to muscle spasm. The spinal alignment is otherwise maintained without evidence of spondylolisthesis.
The vertebral body and disc space heights are preserved.
No acute fracture is identified.
The odontoid process is intact.
No lytic or blastic lesions.
The paravertebral soft tissues are normal.
No significant neural foraminal stenosis.

IMPRESSION:
Straightened cervical lordosis, which may be positional or related to muscle spasm.
No fracture or listhesis.
No significant neural foraminal stenosis."
33ee1fa0-f50e-46c1-a5c3-9bd3d5d0cd5d,"FINDINGS:
LUNGS: Mild prominence of the bilateral perihilar/peribronchial interstitial markings, which may reflect mild bronchitic or reactive airway changes. No focal air-space consolidation. No pulmonary edema.
PLEURAL SPACES: No pleural effusion or pneumothorax.
HEART: Cardiac silhouette is within normal limits for size and contour.
MEDIASTINUM/HILA: Cardiomediastinal silhouette is within normal limits for size and contour. No mediastinal widening or hilar enlargement.
DIAPHRAGM: Diaphragms are unremarkable. No subdiaphragmatic free air.
BONES: No acute osseous abnormality identified on this radiograph.
SOFT TISSUES: No acute soft tissue abnormality identified on the provided images.

IMPRESSION:
Mild bilateral peribronchial/interstitial prominence, which may reflect mild bronchitic or reactive airway changes. No focal pneumonia or other acute cardiopulmonary abnormality."
36542d97-8501-4858-b25f-ff97227ddae8,"FINDINGS:
BONES: No acute fracture or focal osseous lesion.
JOINTS: No dislocation. Degenerative changes are noted.
SOFT TISSUES: The soft tissues are unremarkable.

IMPRESSION:
Degenerative changes of the left hip. No acute fracture or dislocation."
36ad41e3-8818-489a-8dcf-b3d668968d43,"FINDINGS:
LUNGS/AIRWAYS: Moderate ground-glass opacities in the bilateral lower lobes, which may represent gravity-dependent atelectatic changes; an infectious or inflammatory etiology cannot be excluded. No focal consolidation, cavitation, suspicious pulmonary nodule, or other focal pulmonary mass/lesion is identified. The central airways are patent.
PLEURA: No pleural effusion or pneumothorax.
CARDIOVASCULAR: Mild cardiomegaly. Right-sided aortic arch with the descending thoracic aorta coursing near the midline, likely accounting for the apparent right paratracheal opacity seen on chest radiograph. No thoracic aortic aneurysm. Mild coronary artery calcifications. No pericardial effusion.
MEDIASTINAL/HILAR LYMPH NODES: No mediastinal, axillary, or supraclavicular lymphadenopathy. No right paratracheal soft-tissue mass.
CHEST WALL/MUSCULOSKELETAL: Thoracic spondylosis. No acute or destructive osseous abnormality. No aggressive osseous lesion.
LINES/TUBES/SUPPORT DEVICES: None.
OTHER FINDINGS:
Small hiatal hernia. Surgically absent gallbladder. A 1 cm circumscribed hypodense lesion in the right hepatic lobe likely represents a cyst. A 3 cm left renal cyst is present.

IMPRESSION:
Right-sided aortic arch with the descending thoracic aorta coursing near the midline, likely accounting for the apparent right paratracheal opacity on the chest radiograph. No mediastinal mass or lymphadenopathy.
Moderate bilateral lower lobe ground-glass opacities, possibly representing gravity-dependent atelectatic changes. An infectious or inflammatory process cannot be excluded.
Mild cardiomegaly and mild coronary artery atherosclerotic calcifications.
Small hiatal hernia."
3730731d-d478-46d1-a952-cb0178c0707b,"FINDINGS:
BONES: No acute fracture. No focal osseous lesion or cortical irregularity.
JOINTS: No dislocation. Glenohumeral alignment is maintained. Acromioclavicular joint alignment is preserved. Joint spaces are maintained without significant degenerative change.
SOFT TISSUES: Visualized soft tissues are unremarkable.

IMPRESSION:
No acute osseous abnormality of the left shoulder. No acute fracture or dislocation."
37380976-ba41-49eb-9648-444dff279242,"FINDINGS:
ALIGNMENT: Cervical spinal alignment is maintained. No significant spondylolisthesis.
VERTEBRAL BODIES: Vertebral body heights are maintained. No acute compression fracture or focal suspicious marrow-replacing lesion. Postoperative changes are noted at C5-C6.
SPINAL CORD: Normal in signal and caliber. No intramedullary T2/STIR hyperintensity or cord edema/myelomalacia. Visualized cervicomedullary junction is unremarkable.
C2-3: Disc height is maintained with adequate hydration. No significant disc bulge or herniation. No significant spinal canal or neural foraminal stenosis.
C3-4: Mild disc desiccation with small broad-based disc bulge. Mild indentation of the ventral thecal sac without significant cord compression. Mild bilateral neural foraminal narrowing.
C4-5: Disc desiccation with broad-based disc bulge/minimal central disc protrusion. Bilateral neural foraminal narrowing is noted. Mild ventral thecal sac indentation. No significant cord impingement.
C5-6: Postoperative changes at this level. Residual/recurrent posterior disc-osteophyte/disc protrusive component causes indentation of the ventral thecal sac and ventral aspect of the cervical cord, with associated central canal narrowing. No cord signal abnormality or edema. Neural foraminal narrowing is not significant.
C6-7: Disc height and hydration are relatively maintained. No significant disc bulge or herniation. No significant spinal canal or neural foraminal stenosis.
C7-T1: No significant disc bulge or herniation. No significant canal or foraminal stenosis.
PARAVERTEBRAL SOFT TISSUES: No significant paraspinal soft-tissue abnormality.
OTHER FINDINGS:
No significant facet arthropathy or focal posterior element abnormality.

IMPRESSION:
Postoperative changes at C5-C6 with residual posterior disc/osteophyte complex causing indentation of the ventral thecal sac and ventral cervical cord. No associated cord edema or myelomalacia.
C4-C5 disc degeneration with broad-based disc bulge/protrusion and bilateral neural foraminal narrowing, without significant cord impingement.
Mild additional multilevel cervical spondylotic/disc degenerative changes.
No acute osseous abnormality or significant intrinsic cervical cord signal abnormality."
37c4f280-4cb4-4413-b61a-2ec6fa8bc9e2,"FINDINGS:
LIGAMENTS:
SCAPHOLUNATE: The scapholunate ligament is intact.
LUNOTRIQUETRAL: The lunotriquetral ligament is intact.
TENDONS:
FLEXOR COMPARTMENTS: The flexor tendons are normal in course and signal intensity without evidence of tenosynovitis.
EXTENSOR COMPARTMENTS: The extensor carpi ulnaris (ECU) tendon sheath shows circumferential distension with fusiform fluid/synovial thickening, suggestive of tenosynovitis. The ECU tendon itself maintains normal continuity and signal intensity without evidence of tear or retraction. No definite focal tendon discontinuity is identified within the limitations imposed by postoperative artefact. The remaining extensor tendons are normal in course and signal intensity.
NERVES:
MEDIAN: The median nerve demonstrates normal course and signal intensity within the carpal tunnel.
ULNAR: The ulnar nerve demonstrates normal course and signal intensity within Guyon's canal.
BONES: Postoperative changes are noted involving the distal radius, with associated susceptibility/distortion artefact limiting evaluation of adjacent osseous structures. No acute fracture or focal osseous lesion identified within these limitations. Patchy STIR hyperintense marrow signal involving the triquetrum and trapezium, which may represent reactive marrow edema/contusion; correlate with history of trauma and clinical findings.
MUSCLES: The musculature is of normal bulk and signal intensity.
JOINTS: No subluxation. Mild joint effusion is noted. Degenerative osteoarthritic changes are noted. The radiocarpal and intercarpal articulations are otherwise maintained.
CARTILAGE: The articular cartilage is preserved in thickness and signal intensity.
TRIANGULAR FIBROCARTILAGE: The triangular fibrocartilage complex is intact.
OTHER FINDINGS:
Mild subcutaneous soft-tissue edema.

IMPRESSION:
ECU tenosynovitis with circumferential synovial sheath distension; no definite ECU tendon tear.
Patchy marrow edema-like signal in the triquetrum and trapezium, likely reactive/contusional; correlate clinically.
Mild wrist joint effusion and mild subcutaneous edema.
Degenerative changes of the wrist.
Postoperative changes of the distal radius with susceptibility artefacts limiting detailed assessment."
388af5ed-85f8-49b5-85a0-d63b9e571848,"FINDINGS:
LUNGS/AIRWAYS: Stable bilateral subpleural reticular and fibrotic opacities, greater in the lower lobes, with stable bilateral lower lobe bronchiectatic changes, compatible with chronic fibrotic interstitial lung disease; differential considerations include usual interstitial pneumonia and fibrotic nonspecific interstitial pneumonia. No focal consolidation, cavitation, suspicious pulmonary nodule or other focal lesion is identified. The central airways are patent.
PLEURA: No pleural effusion or pneumothorax.
CARDIOVASCULAR: The heart is within normal limits in size. The thoracic aorta is normal in caliber. No thoracic aortic aneurysm. No pericardial effusion.
MEDIASTINAL/HILAR LYMPH NODES: Stable, few prominent mediastinal lymph nodes, measuring up to approximately 1.0 cm in short-axis diameter. No axillary lymphadenopathy.
CHEST WALL/MUSCULOSKELETAL: Cervical and thoracic spondylosis. No acute or destructive osseous abnormality. No aggressive osseous lesion.
LINES/TUBES/SUPPORT DEVICES: None.
OTHER FINDINGS:
Stable small hiatal hernia. Stable left renal cyst, measuring approximately 4.0 cm.

IMPRESSION:
Stable bilateral subpleural reticular pulmonary fibrosis, predominantly involving the lower lobes, with stable bilateral lower lobe bronchiectasis. Findings are consistent with chronic fibrotic interstitial lung disease; differential considerations include usual interstitial pneumonia and fibrotic nonspecific interstitial pneumonia.
No focal airspace consolidation or suspicious pulmonary nodule.
Stable few prominent mediastinal lymph nodes, up to 1.0 cm in short-axis diameter.
Stable small hiatal hernia and 4.0 cm left renal cyst.
Cervical and thoracic spondylosis."
3ac0bcca-274c-4354-a235-203868739ca9,"FINDINGS:
VERTEBRAE: Normal density and alignment except for mild diffuse osseous demineralization. Multilevel degenerative spondylotic changes with endplate sclerosis and marginal osteophyte formation, most pronounced at L4-L5. Mild anterior wedging of the L1 vertebral body with reduced anterior vertebral body height; no definite acute cortical disruption or radiographic features of an acute fracture. Mild degenerative curvature of the lumbar spine. Alignment is otherwise maintained without significant spondylolisthesis. No osseous lesion.
DISC SPACES: Multilevel degenerative disc-space narrowing, most pronounced at L4-L5 where there is marked disc-space reduction and associated endplate degenerative change. Additional mild-to-moderate degenerative disc disease at the upper/mid lumbar levels.
SOFT TISSUES: Unremarkable.
OTHER FINDINGS:
Multilevel lower lumbar facet arthropathy, most pronounced at L5-S1. Visualized sacroiliac joints are maintained.

IMPRESSION:
Multilevel lumbar spondylosis, most pronounced at L4-L5 with marked degenerative disc-space narrowing.
Lower lumbar facet arthropathy, greatest at L5-S1.
Mild anterior wedge compression deformity of L1, without radiographic features of an acute fracture.
Mild diffuse osseous demineralization."
3ae47cf7-e5e3-4550-9d76-4188437d65ae,"FINDINGS:
LIGAMENTS:
SCAPHOLUNATE: The scapholunate interval is widened with abnormal morphology of the scapholunate ligament, compatible with chronic ligamentous insufficiency/tear.
LUNOTRIQUETRAL: The lunotriquetral ligament is intact.
TENDONS:
FLEXOR COMPARTMENTS: The flexor tendons are grossly intact, normal in course and signal intensity, with mild fluid/synovial prominence surrounding them at the carpal tunnel.
EXTENSOR COMPARTMENTS: The extensor tendons are grossly intact without definite high-grade tear or evidence of tenosynovitis.
NERVES:
MEDIAN: The median nerve demonstrates mild increased signal and flattening within the carpal tunnel, which may be seen with median neuropathy/carpal tunnel syndrome. No discrete space-occupying mass within the carpal tunnel is identified.
ULNAR: The ulnar nerve demonstrates normal course and signal intensity within Guyon's canal.
BONES: No acute fracture or focal aggressive osseous lesion. Advanced multifocal degenerative changes of the carpal bones with joint space narrowing, subchondral sclerosis/cystic change, osteophyte formation, and subchondral marrow edema-like signal.
MUSCLES: The musculature is of normal bulk and signal intensity.
JOINTS: Small joint effusions with synovial hypertrophic/degenerative changes. Advanced radiocarpal and midcarpal osteoarthritis with extensive chondral loss and subchondral degenerative changes, including prominent degenerative change at the scapholunate, capitolunate, and lunotriquetral articulations. No subluxation.
CARTILAGE: There is extensive chondral loss involving the radiocarpal and midcarpal compartments, in keeping with advanced osteoarthritis.
TRIANGULAR FIBROCARTILAGE: There is degenerative thinning and irregularity of the triangular fibrocartilage complex, without definite acute full-thickness traumatic tear.
OTHER FINDINGS:
No focal soft-tissue mass or drainable collection. Mild diffuse soft-tissue edema about the wrist.

IMPRESSION:
1. Advanced multifocal degenerative osteoarthritis of the left wrist involving the radiocarpal and midcarpal compartments, with extensive cartilage loss, subchondral cystic change/edema, and osteophyte formation.
2. Chronic scapholunate ligament insufficiency/tear with widening of the scapholunate interval and associated advanced carpal degenerative changes.
3. Degenerative changes of the triangular fibrocartilage complex without definite acute full-thickness tear.
4. Mild flattening and increased signal of the median nerve within the carpal tunnel, which can be seen with carpal tunnel syndrome; no discrete compressive mass identified.
5. No acute fracture or dislocation."
3b4a4786-9a9f-44ea-a20d-f67e6ed78143,"FINDINGS:
BONES: No acute fracture or focal osseous lesion. The radius and ulna are intact. Mild diffuse osseous demineralization is noted.
JOINTS: No dislocation. Alignment is maintained. Mild degenerative changes involving the radiocarpal/intercarpal and first carpometacarpal joints and the visualized elbow, with small marginal osteophytes.
SOFT TISSUES: The soft tissues are grossly unremarkable.

IMPRESSION:
No acute fracture or dislocation of the left wrist or forearm. Mild multifocal osteoarthritic changes of the wrist and visualized elbow. Mild diffuse osseous demineralization."
3c10a17c-6a11-410b-a978-36669ecac94d,"FINDINGS:
BONES: Visualized scapula, humerus, and metacarpals are normal. There is a comminuted intra-articular fracture of the distal radius, minimally displaced, with fracture lines extending to the radiocarpal articular surface, without significant articular surface depression or gross displacement. There is a minimally displaced comminuted fracture of the ulnar styloid process. No additional acute osseous abnormality is identified.
JOINTS: The distal radioulnar articulation is maintained without dislocation. Carpal alignment is maintained. Mild radiocarpal joint effusion is noted. Degenerative osteoarthritic changes are noted at the visualized wrist joints.
SOFT TISSUES: No soft tissue mass or fluid collection. Mild diffuse soft-tissue swelling is noted around the wrist. The visualized musculature is symmetric and of normal bulk.

IMPRESSION:
Comminuted intra-articular fracture of the distal radius. Minimally displaced comminuted fracture of the ulnar styloid process. Mild wrist joint effusion and soft-tissue swelling. Maintained distal radioulnar and carpal alignment. Degenerative changes."
3c2a11ad-ab15-4f85-96d5-01ff5cffffd8,"FINDINGS:
BRAIN: No restricted diffusion to indicate acute infarction. No intracranial mass or hemorrhage. No midline shift or extra-axial fluid collection. No cerebellar tonsillar ectopia. The central arterial and venous flow voids are patent. Prominent perivascular (Virchow-Robin) spaces are noted bilaterally within the lentiform nuclei.
VENTRICLES: The ventricles are normal in size and configuration.
ORBITS: The globes and retro-orbital structures are symmetric and without abnormality.
SINUSES AND MASTOIDS: The paranasal sinuses and mastoid air cells are clear.
BONES: The calvarium and skull base demonstrate normal signal intensity.

IMPRESSION:
Bilateral prominent Virchow-Robin (perivascular) spaces in the lentiform nuclei, likely representing a normal variant. No acute intracranial abnormality."
3fdad783-1d5e-417b-9b42-e1ce3c00a8f8,"FINDINGS:
BONES: No acute fracture or focal osseous lesion.
JOINTS: No dislocation. There is reduction in the medial tibiofemoral and patellofemoral joint space with marginal osteophyte formation, consistent with degenerative changes.
SOFT TISSUES: The soft tissues are unremarkable.

IMPRESSION:
Degenerative changes with medial tibiofemoral and patellofemoral joint space narrowing and marginal osteophyte formation. No acute fracture or dislocation."
42270507-c160-415a-a4d7-0e5b662bc62f,"FINDINGS:
OSSEOUS STRUCTURES: No acute fracture or marrow abnormality. No aggressive bone lesion. The humeral cortex is intact, without cortical erosion, destruction, remodeling, or abnormal marrow signal. No periosteal reaction or acute osseous abnormality.
MUSCULATURE: Normal signal of the arm compartments. The visualized surrounding musculature is otherwise preserved.
SOFT TISSUES: There is a well-defined, elongated, macroscopic fat-containing lesion within the intermuscular plane at the mid shaft of the left humerus, measuring approximately 56 x 20 x 82 mm (transverse x AP x craniocaudal), with T1 hyperintense signal and suppression of signal on STIR sequences, consistent with fat content. No suspicious internal nodular or non-fatty component is identified. Findings are most consistent with an intramuscular/intermuscular lipoma. No significant adjacent soft-tissue edema or fluid collection.

IMPRESSION:
Well-defined intermuscular fat-containing lesion along the mid shaft of the left humerus, measuring approximately 56 x 20 x 82 mm, most consistent with an intramuscular/intermuscular lipoma, without definite aggressive imaging features. No adjacent osseous remodeling, cortical destruction, or marrow involvement."
430c0318-b10d-428a-8ffe-e40d1b2ae319,"FINDINGS:
BRAIN: No restricted diffusion to indicate acute infarction. No intracranial mass or hemorrhage. No midline shift or extra-axial fluid collection. No cerebellar tonsillar ectopia. The central arterial and venous flow voids are patent. There is moderate diffuse cerebral volume loss with prominence of the cortical sulci, consistent with moderate cerebral atrophy. Moderate multifocal T2/FLAIR hyperintense white-matter signal changes are seen in the periventricular and deep white matter, likely representing chronic small-vessel ischemic gliotic changes (leukoaraiosis/leukoencephalopathy). Chronic infarct/gliotic changes are noted involving bilateral thalami, consistent with old bilateral thalamic infarcts. No obvious acute territorial infarction.
VENTRICLES: The ventricles are prominent, in keeping with the cerebral volume loss described above. No hydrocephalus.
ORBITS: The globes and retro-orbital structures are symmetric and without abnormality.
SINUSES AND MASTOIDS: The paranasal sinuses and mastoid air cells are clear.
BONES: The calvarium and skull base demonstrate normal signal intensity.
OTHER FINDINGS:
Multilevel cervical spondylotic/degenerative changes with diffuse disc bulges at C2-C3 and C3-C4, with associated mild indentation of the ventral thecal sac. Further assessment of neural foraminal and spinal canal stenosis may be performed on dedicated cervical spine MRI if clinically indicated.

IMPRESSION:
1. Moderate cerebral atrophy with moderate leukoaraiosis.
2. Chronic bilateral thalamic infarcts.
3. Multilevel cervical spondylotic changes with disc bulges at visualized C2-C3 and C3-C4.
4. No acute intracranial hemorrhage or acute infarction."
436438f8-5e11-497d-80fc-0c9e5a69e66c,"FINDINGS:
VERTEBRAE: Five non-rib-bearing lumbar-type vertebral bodies are identified, with normal density. Lumbar alignment is maintained with no significant spondylolisthesis. Vertebral body heights are preserved without evidence of acute compression deformity. Mild multilevel degenerative spondylotic changes are present with small marginal endplate osteophytes. No fracture or osseous lesion.
DISC SPACES: Intervertebral disc spaces are relatively maintained.
SOFT TISSUES: Unremarkable.
OTHER FINDINGS:
Visualized sacroiliac joints are unremarkable.

IMPRESSION:
Mild multilevel degenerative spondylotic changes of the lumbar spine. No acute fracture, spondylolisthesis, or destructive osseous lesion."
4433633a-6c7b-408f-a18e-01ed07ea5c9b,"FINDINGS:
BONES: No acute fracture or focal osseous lesion.
JOINTS: No dislocation. Marginal osteophytes are present without significant reduction in the joint space.
SOFT TISSUES: The soft tissues are unremarkable.

IMPRESSION:
Marginal osteophytes of the left knee without significant joint space narrowing. No acute osseous abnormality."
4589378c-5655-494b-b591-b43fd2b519b6,"FINDINGS:
VERTEBRAE: Normal density. Multilevel degenerative changes are present with marginal osteophytes and endplate changes. There is loss of normal spinal alignment with grade I anterolisthesis of L5 over S1, grade I anterolisthesis of L4 over L5, and grade I retrolisthesis of L2 over L3. Fusion of L1 and L2 is noted. No fracture or focal osseous lesion.
DISC SPACES: Diffuse multilevel disc space narrowing, most pronounced at L4-L5 and L5-S1.
SOFT TISSUES: Atherosclerotic calcifications of the aorta are noted.
OTHER FINDINGS:
Degenerative changes of the bilateral sacroiliac joints and bilateral hips.

IMPRESSION:
1. Multilevel lumbar degenerative disc and facet disease with disc space narrowing, marginal osteophytes, and endplate changes.
2. Grade I anterolisthesis of L5 over S1 and of L4 over L5; grade I retrolisthesis of L2 over L3, with loss of normal spinal alignment.
3. Fusion of L1-L2.
4. Degenerative changes of the bilateral sacroiliac joints and hips.
5. Atherosclerotic calcification of the aorta."
47866103-dcb8-4a22-9e5e-5393939583e5,"FINDINGS:
BONES: No acute fracture or focal osseous lesion. Mild diffuse osseous demineralization is noted. No focal erosive or destructive osseous abnormality.
JOINTS: No dislocation. Alignment is maintained. Moderate multifocal interphalangeal joint space narrowing with marginal osteophyte formation, greatest at the distal interphalangeal joints. Moderate degenerative changes of the first carpometacarpal and triscaphe joints.
SOFT TISSUES: The soft tissues are unremarkable.

IMPRESSION:
No acute osseous abnormality of the left hand. Multifocal osteoarthritis, greatest at the distal interphalangeal and first carpometacarpal joints."
49583957-18c2-43d5-bc4c-acc2a41d6e40,"FINDINGS:
BONES: No acute fracture or focal osseous lesion.
JOINTS: Bilateral sacroiliac joints appear normal. There is minor joint space narrowing and possible osteophytic lipping of the hips, consistent with grade 1 osteoarthritis. No dislocation.
SOFT TISSUES: The soft tissues are unremarkable.

IMPRESSION:
Minor joint space narrowing and possible osteophytic lipping of the hips, consistent with grade 1 osteoarthritis. No acute osseous abnormality."
49962b3d-4c21-4517-a91e-c6a5986e6614,"FINDINGS:
BONES: No acute fracture or focal destructive osseous lesion. Mild subchondral sclerosis of the medial tibial plateau and mild spiking of the tibial spines are noted.
JOINTS: No dislocation. Mild degenerative osteoarthritic changes, predominantly involving the medial tibiofemoral compartment, with marginal osteophyte formation and mild joint-space narrowing. No significant suprapatellar joint effusion.
SOFT TISSUES: The periarticular soft tissues are grossly unremarkable.

IMPRESSION:
Mild degenerative osteoarthritis of the right knee, predominantly involving the medial tibiofemoral compartment. No acute fracture or dislocation."
4a66a692-c163-4cca-8d59-206c2670a975,"FINDINGS:
BRAIN: No restricted diffusion to indicate acute infarction. No intracranial mass, hemorrhage, or space-occupying lesion. No significant mass effect or midline shift. No cerebellar tonsillar ectopia. The central arterial and venous flow voids are preserved. There is mild diffuse cerebral volume loss with prominence of the cortical sulci, consistent with mild age-related cerebral atrophy. The deep gray nuclei, white matter, brainstem, cerebellum, corpus callosum, and sellar region show no significant focal abnormal signal intensity.
VENTRICLES: The ventricles show mild prominence in keeping with cerebral volume loss. No hydrocephalus or extra-axial fluid collection.
ORBITS: The orbits show no gross abnormality in the visualized portions.
SINUSES AND MASTOIDS: The paranasal sinuses show no significant mucosal disease. There is rightward deviation of the nasal septum with a small bony spur indenting the right inferior turbinate. Mastoid air cells are clear.
BONES: The calvarium and skull base demonstrate normal signal intensity.

IMPRESSION:
Mild diffuse cerebral atrophy. Rightward deviation of the nasal septum with a small bony spur indenting the right inferior turbinate. No acute intracranial abnormality."
4cee9330-9f62-4489-b475-b3cdd65f3f2b,"FINDINGS:
BONES: No fracture. Subchondral cystic changes are noted at the humeral head, consistent with degenerative change. No aggressive focal lesion.
JOINTS: No dislocation. Moderate acromioclavicular joint space narrowing. Mild to moderate glenohumeral joint space narrowing with subchondral sclerosis along the glenoid. The acromiohumeral interval is intact.
SOFT TISSUES: The soft tissues are unremarkable.

IMPRESSION:
Moderate acromioclavicular and mild to moderate glenohumeral osteoarthritis, with subchondral sclerosis and cystic change at the humeral head. No acute fracture or dislocation."
4e83994c-4f17-431b-ba2f-4d9347597eaa,"FINDINGS:
BONES: No acute fracture or focal osseous lesion.
JOINTS: No dislocation. Mild medial compartment joint space narrowing with small marginal osteophytes. Mild patellofemoral degenerative change. No significant knee joint effusion.
SOFT TISSUES: Mild vascular calcifications are noted in the posterior soft tissues. Soft tissue fullness is present posterior to the knee, which may represent a Baker's cyst.

IMPRESSION:
Mild degenerative osteoarthritis of the right knee, greatest in the medial compartment. Posterior knee soft tissue fullness, likely representing a Baker's cyst. No acute osseous abnormality."
4f573c02-34e8-4ebf-942e-1b7bf7e2b7b2,"FINDINGS:
There is straightening of the normal cervical lordosis, without spondylolisthesis or traumatic malalignment.
Vertebral body heights are preserved. Mild multilevel degenerative endplate changes are present, with small anterior osteophytes and disc space narrowing, greatest at C6-C7.
No acute fracture is identified.
The odontoid process is intact.
No lytic or blastic lesions.
No prevertebral soft tissue swelling is demonstrated.

IMPRESSION:
Straightening of the normal cervical lordosis. Mild multilevel cervical spondylosis, greatest at C6-C7. No acute osseous abnormality."
53b0c08b-e433-4350-9880-c5b5f71dadd0,"FINDINGS:
LUNGS: Prominent bronchovascular markings. No focal air-space consolidation.
PLEURAL SPACES: No pleural effusion or pneumothorax.
HEART: Mild cardiomegaly.
MEDIASTINUM/HILA: Cardiomediastinal silhouette is within normal limits. Atherosclerotic changes of the aortic arch. No mediastinal widening or hilar enlargement.
DIAPHRAGM: Diaphragms are unremarkable. No subdiaphragmatic free air.
BONES: No acute osseous abnormality identified on this examination.
SOFT TISSUES: No acute soft tissue abnormality identified on the provided images.

IMPRESSION:
1. Mild cardiomegaly.
2. Atherosclerotic changes of the aortic arch.
3. Prominent bronchovascular markings.
4. No acute abnormality."
5486607a-a7cb-4722-b63e-16022f0b8394,"FINDINGS:
BRAIN: No restricted diffusion to indicate acute infarction. No intracranial mass or hemorrhage. No midline shift or extra-axial fluid collection. No cerebellar tonsillar ectopia. The central arterial and venous flow voids are patent. Bilateral periventricular T2/FLAIR hyperintensities are present, likely representing chronic small vessel ischemic changes. Prominent sulcal spaces are noted in the right parietal lobe, with possible adjacent focal gliosis. Prominent perivascular (Virchow-Robin) spaces are seen in the bilateral lentiform nuclei. Focal gliosis is seen in the bilateral centrum semiovale. Generalized cerebral volume loss (atrophy) is present.
VENTRICLES: The bilateral lateral ventricles are dilated.
ORBITS: The globes and retro-orbital structures are symmetric and without abnormality.
SINUSES AND MASTOIDS: The paranasal sinuses are clear. Left mastoiditis is noted, with minimal mucosal signal also seen in the right mastoid air cells.
BONES: Hyperostosis frontalis interna is noted. The calvarium and skull base are otherwise of normal signal intensity.
Partial empty sella is noted.

IMPRESSION:
1. Bilateral periventricular T2/FLAIR hyperintensities, likely chronic small vessel ischemic changes, with associated dilatation of the bilateral lateral ventricles and generalized cerebral atrophy.
2. Left mastoiditis with minimal mucosal signal change in the right mastoid air cells.
3. Partial empty sella.
4. Incidental hyperostosis frontalis interna."
557a0d37-7b9d-4ca5-af12-71596dffcc1e,"FINDINGS:
BONES: No fracture or focal lesion.
JOINTS: Glenohumeral alignment is maintained. No dislocation. Mild glenohumeral joint space narrowing with small marginal osteophytes. Moderate acromioclavicular joint osteoarthritis with joint space narrowing and prominent superior marginal osteophyte formation.
SOFT TISSUES: The soft tissues are unremarkable.

IMPRESSION:
1. Mild glenohumeral osteoarthritis.
2. Moderate acromioclavicular joint osteoarthritis."
5658cf75-5a93-4167-bd35-029124d4754d,"FINDINGS:
BONES: No acute fracture. Multiple intramedullary lucent lesions are present within the distal femoral shaft and proximal fibula, with cortical irregularity, remodeling, and periosteal reaction along the proximal fibular shaft.
JOINTS: No dislocation. Moderate medial and patellofemoral compartment joint space narrowing with mild lateral compartment joint space narrowing and small marginal osteophytes, consistent with tricompartmental osteoarthritis (moderate in the medial and patellofemoral compartments). Moderate knee joint effusion.
SOFT TISSUES: Soft tissue swelling of the leg. Atherosclerotic calcifications of the femoral artery.

IMPRESSION:
1. Multiple intramedullary lucent lesions within the distal femur and proximal fibula with cortical irregularity and periosteal reaction, concerning for osteomyelitis; multifocal neoplastic lesions are a differential consideration. Suggest MRI for further evaluation.
2. Moderate tricompartmental osteoarthritis (medial and patellofemoral compartments) with moderate joint effusion and soft tissue swelling of the leg.
3. Femoral arterial atherosclerotic calcifications.
4. No acute fracture or dislocation."
56f757ba-a872-4fd4-8b7d-d86399ee3531,"FINDINGS:
BONES: No acute fracture or focal osseous lesion. Diffuse osseous demineralization is noted.
JOINTS: No dislocation. Carpal alignment is maintained. Mild radiocarpal joint space narrowing and mild degenerative changes of the triscaphe and thumb carpometacarpal joints.
SOFT TISSUES: The soft tissues are unremarkable.

IMPRESSION:
1. Diffuse osseous demineralization.
2. Mild degenerative changes of the radiocarpal, triscaphe, and thumb carpometacarpal joints.
3. No acute fracture or dislocation."
579a25f5-63c5-4e5c-b67f-3c98ee406665,"FINDINGS:
BONES: Oblique fracture of the distal fibula/lateral malleolus at the level of the ankle syndesmosis (Weber B pattern) is seen, with fracture alignment maintained and no significant interval displacement or angulation. No dislocation. Bone mineralization is normal. Assessment of the fracture margins and osseous healing is limited by overlying plaster cast.
JOINT SPACES AND ALIGNMENT: Ankle mortise remains congruent, without appreciable medial clear-space widening.
SOFT TISSUES: No focal soft tissue swelling. No abnormal calcifications.

IMPRESSION:
1. Oblique Weber B-type fracture of the distal fibula/lateral malleolus at the level of the ankle syndesmosis, with maintained alignment and no significant displacement or angulation.
2. Ankle mortise is congruent.
3. Assessment of fracture healing is limited by overlying plaster cast."
58fdafd6-4edb-4e60-b0df-0821061121a1,"FINDINGS:
BONES: No acute fracture or focal osseous lesion.
JOINTS: No dislocation. Moderate medial, lateral and patellofemoral compartment joint space narrowing with small marginal osteophytes and mild subchondral sclerosis. Small suprapatellar joint effusion.
SOFT TISSUES: The soft tissues are unremarkable.

IMPRESSION:
1. Moderate tricompartmental osteoarthritis of the knee with small suprapatellar joint effusion.
2. No acute fracture or dislocation."
5ddc141b-acfd-49f9-bc27-af6f17c55b36,"FINDINGS:
ALIGNMENT: Cervical spinal alignment is maintained. Loss of the normal cervical lordosis with straightening of the cervical spine.
VERTEBRAL BODIES: Vertebral body heights are maintained. No acute compression deformity or focal marrow-replacing lesion on the provided sequences. Multilevel degenerative disc disease with disc desiccation, reduced disc heights, and marginal endplate osteophyte formation, most conspicuous at C5-C6 and C6-C7.
SPINAL CORD: Normal in signal and caliber. No cord compression or intrinsic signal abnormality.
C2-3: Mild posterior disc bulge. No significant spinal canal stenosis. No significant neural foraminal narrowing.
C3-4: Mild posterior disc bulge causing mild ventral thecal sac indentation. No significant spinal canal stenosis. No neural foraminal narrowing.
C4-5: Mild posterior central disc prolapse causing mild ventral thecal sac indentation. No significant spinal canal stenosis (AP diameter 11 mm). No neural foraminal narrowing.
C5-6: Mild diffuse posterior disc bulge causing ventral thecal sac indentation with mild spinal canal narrowing (AP diameter 9 mm). No abnormal signal intensity in the cord. No neural foraminal narrowing.
C6-7: Mild posterior central disc prolapse causing ventral thecal sac indentation with mild spinal canal narrowing (AP diameter 8.8 mm). No abnormal signal intensity in the cord. No neural foraminal narrowing.
C7-T1: No disc herniation or spinal canal stenosis. No neural foraminal narrowing.
PARAVERTEBRAL SOFT TISSUES: Normal.

IMPRESSION:
1. Multilevel cervical degenerative disc disease with posterior disc-osteophyte complexes, most conspicuous at C5-C6 and C6-C7, causing mild spinal canal narrowing without cord signal abnormality.
2. Loss of the normal cervical lordosis with straightening of the cervical spine.
3. No significant neural foraminal narrowing at any level."
5e6776a6-757a-4193-a7ab-8403c63a911d,"FINDINGS:
OSSEOUS STRUCTURES: No acute fracture, dislocation, or marrow-replacing lesion. Mild degenerative subchondral changes, without significant bone marrow edema.
JOINT: Knee joint alignment is maintained. Small joint effusion is present. No definite intra-articular loose body.
MENISCI:
MEDIAL MENISCUS: Mild intrasubstance degenerative signal without a definite surfacing tear.
LATERAL MENISCUS: Abnormal linear fluid-sensitive signal involving the anterior horn, extending to the articular surface, compatible with an anterior horn tear. No definite displaced meniscal fragment or significant extrusion.
LIGAMENTS:
ANTERIOR CRUCIATE LIGAMENT: Intact, with preserved course, caliber, and fiber continuity. No convincing evidence of tear.
POSTERIOR CRUCIATE LIGAMENT: Intact, with preserved morphology and signal.
MEDIAL COLLATERAL LIGAMENT: Intact.
LATERAL COLLATERAL LIGAMENT COMPLEX: Intact. Popliteus tendon is intact.
ARTICULAR CARTILAGE: Mild multifocal chondral thinning and surface irregularity involving the medial, lateral, and patellofemoral compartments. No definite full-thickness cartilage defect.
EXTENSOR MECHANISM: Quadriceps and patellar tendons are intact. Patellar alignment is maintained.
BURSAE: No significant bursitis. No significant Baker's cyst.
MUSCULATURE: Normal bulk and signal. Visualized musculature and tendons are grossly intact.
SOFT TISSUES: No focal soft-tissue mass or fluid collection.

IMPRESSION:
1. Anterior horn tear of the lateral meniscus.
2. Intact ACL without evidence of tear.
3. Small knee joint effusion.
4. No acute osseous abnormality."
62a3b0d3-072c-4cc9-97da-1f6aeb8ec85a,"FINDINGS:
ROTATOR CUFF TENDONS AND MUSCLES: The supraspinatus, infraspinatus, and teres minor tendons are normal in thickness and signal intensity, without tendinopathy or tear. Minimal focal STIR hyperintensity is seen within the distal subscapularis tendon just proximal to its insertion, suggestive of mild tendinopathic/inflammatory change, without tendon retraction or muscle atrophy. Visualized shoulder girdle musculature shows preserved bulk and signal intensity without significant edema or atrophy.
LIGAMENTS: Visualized ligaments are normal.
BICEPS ANCHOR COMPLEX: The long head of the biceps tendon is maintained in position with preserved caliber and signal. Trace fluid is seen along the tendon sheath.
GLENOHUMERAL JOINT: Glenohumeral alignment is maintained. No significant joint effusion. The articular cartilage is preserved. The labrum is intact, with minimal fluid noted between the anterior-inferior glenoid labral region and the glenoid cavity.
ACROMIOCLAVICULAR JOINT: Mild degenerative hypertrophic changes with mild STIR hyperintensity, suggestive of reactive marrow edema. No significant AC joint separation.
BONES: No acute fracture, dislocation, or aggressive osseous lesion. A few small subchondral cystic changes are seen within the humeral head, likely degenerative, with focal STIR hyperintensity/reactive marrow edema along the posterosuperior humeral head. The glenoid shows no focal osseous abnormality.
PERIARTICULAR SOFT TISSUE: Normal.

IMPRESSION:
1. Mild acromioclavicular joint osteoarthritic/degenerative changes with mild reactive marrow edema.
2. Few small degenerative subchondral cystic changes in the humeral head with focal reactive marrow edema at the posterosuperior humeral head.
3. Minimal distal subscapularis tendinopathic change without definite tear.
4. Trace fluid along the long head of biceps tendon sheath.
5. Minimal fluid between the anterior-inferior glenoid labral region and glenoid cavity."
63b5c5a0-0baa-49d3-bf1d-92541d3328da,"FINDINGS:
BONES: No acute fracture or focal osseous lesion.
JOINTS: No dislocation. The joint spaces are normal, without significant degenerative changes. Small suprapatellar joint effusion is present.
SOFT TISSUES: The soft tissues are unremarkable.

IMPRESSION:
Small suprapatellar joint effusion. No acute fracture, dislocation, or significant degenerative change."
63caa9d4-d265-4dd9-8a0c-13cc556ea5b6,"FINDINGS:
VERTEBRAE: Five non-rib-bearing lumbar-type vertebral bodies are identified. Vertebral body heights are maintained without acute compression deformity or focal destructive osseous lesion. Mild lumbar levoconvex curvature is present. No significant spondylolisthesis identified.
DISC SPACES: Mild multilevel disc space narrowing with endplate osteophyte formation, greatest in the lower lumbar spine, particularly at L4-L5 and L5-S1.
SOFT TISSUES: Unremarkable.
OTHER FINDINGS:
Lower lumbar facet hypertrophic changes, greatest at L4-L5 and L5-S1. Sacroiliac joints are maintained.

IMPRESSION:
1. Multilevel lumbar spondylosis/degenerative disc disease, greatest at L4-L5 and L5-S1.
2. Lower lumbar facet arthropathy.
3. Mild lumbar levoconvex curvature.
4. No acute osseous abnormality."
65d40e7e-7c64-4b71-b874-d2e5fbfcb1ac,"FINDINGS:
BOWEL: The rectum and visualized loops of small and large bowel show no significant mural thickening or focal abnormality. No evidence of bowel obstruction.
BLADDER: The urinary bladder is mildly distended, with diffuse irregular circumferential mural thickening measuring up to approximately 2.5 mm. No intraluminal mass or calculus is identified.
PROSTATE: The prostate gland shows mild prostatomegaly, with an estimated volume of approximately 25 mL. Signal intensity is otherwise normal, without focal suspicious lesion.
SEMINAL VESICLES: The seminal vesicles are bilaterally symmetric and unremarkable in signal intensity.
LYMPH NODES: No pathologically enlarged pelvic or inguinal lymph nodes are identified.
BONES: The visualized osseous structures demonstrate normal marrow signal, without focal marrow-replacing lesion. No evidence of acute fracture, aggressive osseous lesion, or avascular necrosis.
OTHER FINDINGS:
No significant abnormality of the visualized pelvic soft tissues.

IMPRESSION:
1. Mild prostatomegaly (estimated volume approximately 25 mL).
2. Mildly distended urinary bladder with diffuse irregular mural thickening, likely inflammatory/cystitic in the appropriate clinical setting.
3. Clinical and laboratory correlation advised."
697eea8a-94bf-4e40-9b09-49e1762f5475,"FINDINGS:
VERTEBRAE: Normal density. No fracture or osseous lesion. No listhesis. Straightened lumbar lordosis, which may be positional or related to muscle spasm, with subtle levoconvexity of the lumbar spine.
DISC SPACES: Mild disc space narrowing at T12-L1, L1-L2 and L5-S1, with moderate narrowing at L2-L3. Small marginal osteophytes are present in the upper lumbar spine.
SOFT TISSUES: Unremarkable.
Mild L5-S1 facet joint arthrosis and mild bilateral sacroiliac joint degenerative changes are noted. Moderate atherosclerotic calcification of the abdominal aorta is present. Severe osteoarthritic changes of the left hip with avascular necrosis are noted, detailed in a dedicated left hip report.

IMPRESSION:
1. No acute fracture or spondylolisthesis.
2. Multilevel lumbar degenerative disc disease, moderate at L2-L3, with mild facet and sacroiliac joint degenerative changes.
3. Severe osteoarthritis with avascular necrosis of the left hip, addressed in a separate dedicated left hip report.
4. Moderate atherosclerotic calcification of the abdominal aorta."
69dad284-c63e-432c-afa4-7f0946ee0641,"FINDINGS:
BONES: Mildly displaced fracture of the distal phalanx. No focal osseous lesion.
JOINTS: No dislocation. The joint spaces are normal.
SOFT TISSUES: The soft tissues are unremarkable.

IMPRESSION:
Mildly displaced fracture of the distal phalanx of the left thumb."
6ac8ae67-2f79-4e80-acf5-b2f914450301,"FINDINGS:
BONES: No acute fracture or focal osseous lesion. Small enthesophyte at the Achilles tendon insertion. No significant plantar calcaneal spur. Incidental well-corticated os peroneum is noted.
JOINTS: No dislocation. The joint spaces are normal.
SOFT TISSUES: Mild soft tissue swelling.

IMPRESSION:
1. Small Achilles tendon insertional enthesophyte.
2. Mild soft tissue swelling.
3. Incidental os peroneum.
4. No acute fracture or dislocation."
6acfbe16-5b4b-4fff-a8ae-b897845e8929,"FINDINGS:
BONES: No acute fracture or focal osseous lesion.
JOINTS: No dislocation. Mild narrowing of the medial tibiofemoral and patellofemoral joint spaces, with mild marginal osteophyte formation involving the tibial plateau, femoral condyles, and patella, and mild subchondral sclerosis, consistent with mild tricompartmental degenerative osteoarthritic changes. No significant joint effusion.
SOFT TISSUES: The soft tissues are unremarkable.

IMPRESSION:
Mild tricompartmental degenerative osteoarthritic changes of the knee. No acute osseous abnormality."
6ade6784-c2a3-44c0-87e4-a4648d54b68e,"FINDINGS:
BONES: Left reverse total shoulder arthroplasty is present. Chronic osseous remodeling about the proximal humerus surrounds the humeral component, corresponding to the site of the previously reported comminuted periprosthetic fracture. Persistent periprosthetic lucency is seen along the humeral component, including near the distal stem, which may reflect chronic loosening. Prior distal clavicular resection. No new fracture or focal lesion.
JOINTS: No gross dislocation. The joint spaces and articular margins are normal.
SOFT TISSUES: The soft tissues are unremarkable.

IMPRESSION:
Left reverse total shoulder arthroplasty with chronic periprosthetic humeral remodeling and persistent periprosthetic lucency along the humeral component, which may reflect chronic loosening, at the site of a previously reported comminuted periprosthetic fracture. No gross dislocation. Prior distal clavicular resection."
6cb899a0-fa0a-4714-a7e0-04cad7de16ae,"FINDINGS:
VERTEBRAE: Five non-rib-bearing lumbar-type vertebral bodies with normal density. Vertebral body heights and alignment are maintained. No acute fracture or significant spondylolisthesis. Mild multilevel degenerative spondylotic changes with small marginal endplate osteophytes and mild endplate sclerosis, slightly more conspicuous in the lower lumbar spine, and lower lumbar facet degenerative changes most evident at L4-L5 and L5-S1.
DISC SPACES: Intervertebral disc spaces are relatively maintained, without significant disc space narrowing.
SOFT TISSUES: Unremarkable.

IMPRESSION:
Mild multilevel lumbar spondylosis with lower lumbar facet arthropathy, without significant disc space narrowing. No acute fracture or spondylolisthesis."
6ef96248-9538-41dc-95c2-1bee80198349,"FINDINGS:
LUNGS: No significant interval change in the bilateral perihilar and bibasilar interstitial and airspace opacities, which may represent chronic lung changes.
PLEURAL SPACES: No pleural effusion or pneumothorax.
HEART: Stable mild cardiomegaly.
MEDIASTINUM/HILA: Cardiomediastinal silhouette is within normal limits. No mediastinal widening or hilar enlargement. Mild central pulmonary vascular prominence, unchanged.
DIAPHRAGM: Diaphragms are unremarkable. No subdiaphragmatic free air.
BONES: No acute osseous abnormality identified on this examination. Prior median sternotomy.
SOFT TISSUES: No acute soft tissue abnormality identified on the provided images.

IMPRESSION:
1. No significant interval change in the bilateral perihilar and bibasilar interstitial and airspace opacities, which may represent chronic lung changes; a superimposed acute or recurrent infectious process, including atypical/interstitial pneumonia, cannot be excluded in the appropriate clinical setting.
2. Stable mild cardiomegaly with mild central pulmonary vascular prominence.
3. No pleural effusion or pneumothorax.
4. Prior median sternotomy."
7212e321-3847-4906-a334-3ed302784c9a,"FINDINGS:
OSSEOUS STRUCTURES: No acute fracture, dislocation, marrow-replacing lesion, or marrow edema.
JOINT: Knee joint alignment is maintained. Minimal joint effusion is present.
MENISCI: Minimal extrusion of the meniscal tissue beyond the respective tibial margins. No definite focal meniscal tear is identified.
MEDIAL MENISCUS: Intact.
LATERAL MENISCUS: Intact.
LIGAMENTS:
ANTERIOR CRUCIATE LIGAMENT: Diffusely bulky with heterogeneous increased intrasubstance signal intensity and maintained fibre continuity, suggestive of mucoid/intrasubstance degeneration with sprain. No definite complete disruption.
POSTERIOR CRUCIATE LIGAMENT: Mildly bulky with heterogeneous signal intensity, suggestive of sprain/degenerative change. Fibre continuity is maintained.
MEDIAL COLLATERAL LIGAMENT: Intact.
LATERAL COLLATERAL LIGAMENT COMPLEX: Intact.
ARTICULAR CARTILAGE: Cartilage thickness and signal are preserved.
EXTENSOR MECHANISM: Near full-thickness tear of the distal quadriceps tendon just proximal to its patellar insertion, at the level of the superior pole of the patella, with heterogeneous increased signal intensity and surrounding soft-tissue edema/injury. Focal increased STIR signal intensity within the patellar tendon at its patellar insertion, with mild adjacent soft-tissue edema, suggestive of insertional sprain/tendinous injury.
BURSAE: No significant bursitis.
MUSCULATURE: Normal bulk and signal.
SOFT TISSUES: Soft-tissue edema/injury anteriorly around the distal quadriceps tendon and superior aspect of the patella. No mass or fluid collection.

IMPRESSION:
1. Near full-thickness tear of the distal quadriceps tendon just proximal to its patellar insertion, with surrounding soft-tissue edema/injury.
2. Focal insertional sprain/tendinous injury of the patellar tendon with adjacent soft-tissue edema.
3. Diffuse mucoid/intrasubstance degeneration with sprain of the ACL; fibres remain continuous, no complete tear.
4. Mildly bulky, heterogeneous PCL, suggestive of sprain/degenerative change.
5. Minimal meniscal extrusion without definite tear.
6. Minimal knee joint effusion."
755948c2-f311-4b9c-b1a4-37ac63ba73eb,"FINDINGS:
VERTEBRAE: Vertebral body heights are maintained. No acute compression fracture or significant vertebral collapse. Well-defined focal T1/T2 hyperintense lesions are seen within the L1 and L5 vertebral bodies, consistent with vertebral hemangiomas. Marrow signal is otherwise within normal limits for age.
ALIGNMENT: Anatomic lumbar lordosis is maintained. No spondylolisthesis.
SPINAL CORD: The conus medullaris terminates at a normal level, demonstrating normal signal and contour. The cauda equina nerve roots are unremarkable.
DISCS/DEGENERATIVE CHANGES: Multilevel degenerative spondylotic changes with multilevel intervertebral disc desiccation and mild degenerative endplate changes. Multilevel ligamentum flavum hypertrophy.
L1-L2: Diffuse disc bulge/prolapse. No significant central canal stenosis or neural foraminal compromise.
L2-L3: Mild diffuse disc bulge with associated degenerative changes. No significant central canal or foraminal stenosis.
L3-L4: Mild diffuse disc bulge with facet/ligamentum flavum hypertrophic changes. No significant canal or foraminal stenosis.
L4-L5: Diffuse disc bulge causing bilateral neural foraminal narrowing. No significant exiting nerve root compression or definite nerve root impingement.
L5-S1: Diffuse disc bulge/prolapse with bilateral lateral recess/foraminal narrowing and impingement of the exiting/lateral nerve roots. No significant high-grade central canal stenosis.
PARASPINAL SOFT TISSUES: The visualized paravertebral soft tissues are symmetric and without abnormal signal.

IMPRESSION:
1. Multilevel lumbar spondylosis and degenerative disc disease with multilevel ligamentum flavum hypertrophy.
2. L4-L5 diffuse disc bulge causing bilateral neural foraminal narrowing without significant definite nerve root compression.
3. L5-S1 diffuse disc bulge with bilateral lateral recess/foraminal narrowing and impingement of the bilateral exiting nerve roots.
4. Vertebral hemangiomas at L1 and L5.
5. No significant central canal stenosis."
759534d0-c00b-4603-8aa6-b67ca3ca8e15,"FINDINGS:
DEEP VEINS: The right common femoral, femoral, deep femoral, popliteal, and posterior tibial veins demonstrate normal compressibility, color flow, and augmentation. No evidence of deep venous thrombosis.
SUPERFICIAL VEINS: The right great saphenous vein is patent.
SOFT TISSUES: No popliteal fossa cyst or other abnormalities.

IMPRESSION:
No deep venous thrombosis in the right lower extremity."
7a02839e-1e07-44d4-b41e-638a1615c786,"FINDINGS:
BONES: No acute fracture, dislocation, or focal osseous lesion. Bone mineralization is normal. Small plantar calcaneal enthesophyte.
JOINT SPACES AND ALIGNMENT: Joint spaces are maintained. Ankle mortise is preserved.
SOFT TISSUES: No focal soft tissue abnormality identified radiographically.

IMPRESSION:
No acute osseous abnormality."
7a2dc87b-bf12-4cc8-b54e-9305c69571ce,"FINDINGS:
BONES: No acute fracture or focal osseous lesion. Osseous alignment is maintained. Mild diffuse osseous demineralization. No focal erosive or destructive osseous abnormality.
JOINTS: No dislocation. Moderate degenerative changes of the first carpometacarpal joint with joint-space narrowing, subchondral sclerosis, and marginal osteophyte formation. Mild to moderate multifocal interphalangeal joint space narrowing and osteophyte formation, greatest at the distal interphalangeal joints. Mild degenerative changes of the triscaphe and radiocarpal articulations.
SOFT TISSUES: The soft tissues are unremarkable without radiopaque foreign body.

IMPRESSION:
Moderate first carpometacarpal osteoarthritis with mild to moderate multifocal interphalangeal osteoarthritis. Mild diffuse osseous demineralization. No acute osseous abnormality of the left hand/wrist."
7a837822-a72a-4f21-8750-d36d87d3fdbf,"FINDINGS:
BONES: No acute fracture or focal osseous lesion. Diffuse osseous demineralization.
JOINTS: No dislocation. Mild multifocal interphalangeal joint space narrowing with small marginal osteophytes, as well as mild degenerative change of the first MCP and thumb CMC articulations.
SOFT TISSUES: The soft tissues are unremarkable.

IMPRESSION:
Mild multifocal interphalangeal, first MCP, and thumb CMC degenerative changes with diffuse osseous demineralization. No acute fracture or dislocation."
7c981ae5-1672-412f-912f-92793cea174d,"FINDINGS:
ROTATOR CUFF TENDONS AND MUSCLES: Supraspinatus and infraspinatus tendons are grossly maintained without definite full-thickness tear. Subscapularis tendon demonstrates STIR hyperintensity and increased signal at its humeral insertion, suggestive of tendinopathic/strain-related changes. Teres minor tendon is intact. No significant muscle atrophy or fatty infiltration.
LIGAMENTS: Visualized ligaments are normal.
BICEPS ANCHOR COMPLEX: No gross tendon retraction of the long head of biceps.
GLENOHUMERAL JOINT: No significant joint effusion. Articular cartilage is grossly preserved. No focal osteochondral defect identified. Minimal focal discontinuity/irregularity involving the anterior-inferior glenoid labrum, suggestive of a small partial labral tear.
ACROMIOCLAVICULAR JOINT: Minimal hyperintense joint fluid within the acromioclavicular joint, suggestive of acute/subacute stress/traumatic changes. No gross cortical disruption or displaced fracture fragment. No significant degenerative changes or osteophytes.
BONES: No acute fracture, dislocation, or aggressive osseous lesion. Normal bone marrow signal.
PERIARTICULAR SOFT TISSUE: Normal.
OTHER FINDINGS:


IMPRESSION:
1. Findings suggestive of acute/subacute stress/traumatic changes of the acromioclavicular joint, with minimal joint fluid; clinical correlation is advised.
2. STIR hyperintensity within the subscapularis tendon at its humeral insertion, suggestive of tendinopathic/strain-related changes. Supraspinatus and infraspinatus tendons grossly maintained without definite full-thickness tear.
3. Minimal focal discontinuity/irregularity involving the anterior-inferior glenoid labrum, suggestive of a small partial labral tear; correlation with clinical findings for anterior instability is advised."
7ccf69b7-3f3d-4f9d-b47e-ebafd62e7db8,"FINDINGS:
BRAIN: No restricted diffusion to indicate acute infarction. No intracranial mass or hemorrhage. No midline shift or extra-axial fluid collection. No cerebellar tonsillar ectopia. The central arterial and venous flow voids are patent. No enhancing focal lesion in the bilateral cerebellopontine angles. Mild diffuse cerebral atrophy with prominent cortical sulci.
VENTRICLES: Mild ventricular prominence in keeping with diffuse cerebral atrophy.
ORBITS: The globes and retro-orbital structures are symmetric and without abnormality.
SINUSES AND MASTOIDS: The paranasal sinuses and mastoid air cells are clear.
BONES: The calvarium and skull base demonstrate normal signal intensity.

IMPRESSION:
No enhancing focal lesion in the bilateral cerebellopontine angles. Mild diffuse cerebral atrophy with prominent cortical sulci and ventricular system."
7d1b1d15-8fb5-4c42-8088-bb1b678bdb72,"FINDINGS:
BONES: No acute fracture or focal osseous lesion. Mild diffuse osseous demineralization.
JOINTS: No dislocation. Mild degenerative joint space narrowing of the left hip with marginal osteophyte formation. Mild degenerative changes of the visualized sacroiliac joints and lower lumbar spine.
SOFT TISSUES: The soft tissues are unremarkable.

IMPRESSION:
Mild left hip osteoarthritis with mild degenerative changes of the visualized sacroiliac joints and lower lumbar spine. Mild diffuse osseous demineralization. No acute fracture or dislocation."
82c296eb-836f-42a6-a697-f5c57d111b65,"FINDINGS:
BONES: No acute fracture or focal osseous lesion. No focal osseous erosion or destructive lesion identified. Medial first metatarsal head prominence. Small Achilles insertional enthesophyte.
JOINTS: No dislocation. Moderate hallux valgus deformity with moderate first metatarsophalangeal joint space narrowing, subchondral sclerosis, and marginal osteophyte formation. Mild degenerative changes involving the interphalangeal and midfoot articulations. Alignment of the remaining metatarsals and tarsometatarsal joints is maintained without Lisfranc malalignment.
SOFT TISSUES: No focal acute abnormality.

IMPRESSION:
Moderate hallux valgus deformity with first metatarsophalangeal joint osteoarthritis. Mild interphalangeal and midfoot degenerative changes. Small Achilles insertional enthesophyte. No acute fracture or dislocation."
839da5a3-d213-474e-bb61-f5326f917106,"FINDINGS:
Normal cervical mineralization and architecture.
Straightening of the cervical lordosis, which may be positional or related to muscle spasm, without evidence of spondylolisthesis. No facet dislocation.
Vertebral body heights and disc spaces are maintained.
No acute fracture is identified.
The craniocervical junction is intact.
No lytic or blastic lesions.
No prevertebral soft tissue swelling.

IMPRESSION:
Straightening of the cervical lordosis, which may be positional or related to muscle spasm. No acute fracture or spondylolisthesis."
8475ae7b-8d0b-4756-9772-b20b98459143,"FINDINGS:
BRAIN: Cerebral hemispheres demonstrate preserved gray-white matter differentiation. No focal parenchymal T2 signal abnormality identified. No restricted diffusion to indicate acute infarction. No intracranial mass or hemorrhage, including no intraparenchymal, subarachnoid, intraventricular, or subdural hemorrhage. No focal mass lesion or significant mass effect. No obvious traumatic cerebral contusion. No midline shift or extra-axial fluid collection. No cerebellar tonsillar ectopia. Cerebellum and brainstem are grossly unremarkable. The central arterial and venous flow voids are patent.
VENTRICLES: The ventricles are normal in size and configuration. No hydrocephalus. Fourth ventricle is normal in caliber.
ORBITS: Visualized orbital structures are grossly unremarkable.
SINUSES AND MASTOIDS: Visualized paranasal sinuses and mastoid air cells demonstrate no significant abnormality.
BONES: The calvarium and skull base demonstrate normal signal intensity. No gross calvarial abnormality. No significant scalp soft tissue collection.
OTHER FINDINGS:
No gross abnormality of the sellar/parasellar region.

IMPRESSION:
No acute intracranial abnormality identified. No acute infarct, intracranial hemorrhage, extra-axial collection, mass effect, or midline shift. No obvious MRI evidence of traumatic cerebral contusion."
856fb1a7-3dd5-49a1-bf6d-9ed2cc551ec9,"FINDINGS:
ROTATOR CUFF TENDONS AND MUSCLES: Supraspinatus tendinosis. Infraspinatus, subscapularis, and teres minor tendons are normal.
LIGAMENTS: Visualized ligaments are normal.
BICEPS ANCHOR COMPLEX: Normal.
GLENOHUMERAL JOINT: Mild joint effusion. The articular cartilage is preserved. The labrum is intact.
ACROMIOCLAVICULAR JOINT: Mild degenerative changes of the acromioclavicular joint.
BONES: No acute fracture, dislocation, or aggressive osseous lesion. Edema is noted at the anteroinferior aspect of the humeral head.
PERIARTICULAR SOFT TISSUE: Edema of the anterior deltoid muscle. Subdeltoid/subacromial fluid.

IMPRESSION:
1. Supraspinatus tendinosis.
2. Mild glenohumeral joint effusion with subdeltoid/subacromial fluid.
3. Edema of the anterior deltoid muscle and at the anteroinferior aspect of the humeral head.
4. Mild acromioclavicular joint degenerative changes."
866f4dfa-c60a-4cce-9511-42fbb1389644,"FINDINGS:
LUNGS: No focal airspace consolidation.
PLEURAL SPACES: No pleural effusion. No pneumothorax.
BONES: No visible acute rib fracture.

IMPRESSION:
No visible acute rib fracture. No pneumothorax."
881922d3-fd6c-4f33-a5dd-6df23632220d,"FINDINGS:
BONES: No acute fracture. Mild chronic-appearing irregularity/remodeling of the distal phalangeal tufts, without a definite acute fracture line. No focal osseous erosion or aggressive osseous lesion.
JOINTS: No dislocation. Alignment is maintained. Mild multifocal interphalangeal joint space narrowing and marginal osteophyte formation, consistent with osteoarthritis, most evident at the distal interphalangeal joints.
SOFT TISSUES: The soft tissues are unremarkable.

IMPRESSION:
No acute fracture or dislocation. Mild multifocal interphalangeal osteoarthritis. Chronic-appearing distal phalangeal tuft irregularity without definite acute osseous abnormality."
88f779c0-bcea-4f26-b8e0-9b718325eb4b,"FINDINGS:
BRAIN: No restricted diffusion to indicate acute infarction. No intracranial mass or hemorrhage. No midline shift or extra-axial fluid collection. No cerebellar tonsillar ectopia. The central arterial and venous flow voids are patent. Bilateral cerebral sulci and cisterns are prominent, suggestive of generalized cerebral atrophy. Punctate non-diffusion-restricting FLAIR hyperintensities are seen in the bilateral periventricular and subcortical white matter, consistent with Fazekas grade 1 leukoaraiosis.
VENTRICLES: The ventricles are normal in size and configuration.
ORBITS: The globes and retro-orbital structures are symmetric and without abnormality.
SINUSES AND MASTOIDS: Mucosal thickening is seen in the left maxillary, sphenoid, and ethmoid sinuses, suggestive of an infective/inflammatory etiology. The mastoid air cells are clear.
BONES: The calvarium and skull base demonstrate normal signal intensity.

IMPRESSION:
1. Generalized cerebral atrophy with prominent bilateral cerebral sulci and cisterns.
2. Fazekas grade 1 periventricular and subcortical white matter changes (chronic small vessel ischemic change).
3. Mucosal thickening in the left maxillary, sphenoid, and ethmoid sinuses, suggestive of infective/inflammatory sinusitis.
No acute intracranial hemorrhage or infarction."
8986b83e-6f00-4beb-8a7c-a057441a151e,"FINDINGS:
BONES: No acute fracture or focal osseous lesion.
JOINTS: No dislocation. The joint spaces are normal.
SOFT TISSUES: The soft tissues are unremarkable.

IMPRESSION:
No acute osseous abnormality."
89cb3fe2-9aee-4e4a-85c3-e0e5a099b911,"FINDINGS:
VERTEBRAE: No acute fracture, subluxation, or aggressive osseous lesion. Vertebral body heights are maintained. Normal marrow signal throughout.
ALIGNMENT: Kyphotic deformity is present, related to pronounced multilevel thoracic spondylosis, greatest in the mid to lower thoracic spine.
SPINAL CORD: Mild ventral indentation on the thoracic spinal cord is noted, related to a left-predominant disc-osteophyte complex. Otherwise, the thoracic spinal cord is normal in signal intensity and caliber. The conus medullaris terminates at the L1-L2 level.
DISCS/DEGENERATIVE CHANGES: Pronounced multilevel disc space narrowing, endplate remodeling, and osteophyte formation, and facet arthropathy, greatest in the mid to lower thoracic spine. Multilevel neural foraminal narrowing is present, right-predominant in the upper thoracic spine and left-predominant at several mid/lower thoracic levels, most pronounced on the left at the T4-5 level, where a left-predominant disc-osteophyte complex produces mild-to-moderate spinal canal stenosis. Advanced degenerative disc/endplate disease is also present at T12-L1 with a broad posterior disc-osteophyte complex but no significant canal stenosis. No high-grade thoracic spinal canal stenosis.
PARASPINAL SOFT TISSUES: The paravertebral soft tissues demonstrate normal signal and morphology.

IMPRESSION:
1. Pronounced multilevel thoracic spondylosis with kyphotic deformity, greatest in the mid to lower thoracic spine.
2. Multilevel neural foraminal narrowing, right-predominant in the upper thoracic spine and left-predominant at several mid/lower thoracic levels.
3. Left-predominant disc-osteophyte complex, most pronounced at T4-5, causing mild-to-moderate spinal canal stenosis with mild ventral cord indentation.
4. Advanced degenerative disc/endplate disease at T12-L1 without significant canal stenosis.
No high-grade thoracic spinal canal stenosis."
8ab1a654-3318-4ec3-803a-5bf97d466f91,"FINDINGS:
VERTEBRAE: Multilevel degenerative changes are noted in the visualized vertebral bodies with marginal osteophyte formation and endplate sclerosis. There is reduction in the height of the L4 vertebral body with anterior wedging, suggestive of a compression deformity. No obvious acute displaced fracture or osseous lesion. No significant spondylolisthesis.
DISC SPACES: Intervertebral disc spaces are relatively maintained except for mild multilevel degenerative narrowing.
SOFT TISSUES: Unremarkable.

IMPRESSION:
1. Multilevel degenerative changes of the lumbar spine with marginal osteophyte formation and endplate sclerosis.
2. Reduction in height of the L4 vertebral body with anterior wedging, suggestive of a compression deformity.
3. Mild multilevel disc space narrowing.
No acute displaced fracture or significant spondylolisthesis."
8b404fa8-569c-43c9-8785-bd31382ed36a,"FINDINGS:
SINUSES: The bilateral frontal sinuses are hypoplastic. The remaining visualized paranasal sinuses appear clear, without air-fluid level or significant mucosal thickening.
ORBITS: No obvious orbital abnormality.
SOFT TISSUES: Unremarkable.
BONES: No acute osseous abnormality identified.

IMPRESSION:
No acute paranasal sinus abnormality evident on plain film examination. Bilateral frontal sinus hypoplasia, a normal anatomic variant. Consider CT of the paranasal sinuses if clinically indicated."
956291b1-faba-4c9f-991b-7cc282287ed9,"FINDINGS:
SINUSES: No air-fluid level or paranasal opacification identified.
ORBITS: No obvious orbital abnormality.
SOFT TISSUES: Unremarkable.
BONES: No fracture or lesion

IMPRESSION:
No acute paranasal sinus abnormality evident on plain film examination."
959135c4-6c14-4342-ab67-d63ffd6ed6fe,"FINDINGS:
LUNGS/AIRWAYS: Subpleural reticulation with associated intra- and interlobular septal thickening is seen in both lungs, predominantly involving the lower lobes with a symmetrical distribution and apicobasal gradient. Associated traction bronchiectatic and bronchiolectatic changes are present. No honeycombing is identified. No significant ground-glass opacities are seen. No focal consolidation, suspicious pulmonary nodule, or mass lesion is identified.
PLEURA: No pleural effusion or pleural thickening. No pneumothorax.
CARDIOVASCULAR: The cardiac chambers are within normal size limits. No pericardial effusion. No coronary artery calcification is identified. The thoracic aorta is normal in caliber, measuring approximately 24.6 mm. No thoracic aortic aneurysm. The main pulmonary artery is normal in caliber, measuring approximately 23.4 mm.
MEDIASTINAL/HILAR LYMPH NODES: No enlarged mediastinal or hilar lymphadenopathy. A few subcentimeter mediastinal lymph nodes are present, including prevascular, pretracheal, and precarinal nodes, the largest precarinal node measuring approximately 8.8 mm in short-axis diameter.
CHEST WALL/MUSCULOSKELETAL: Diffuse osteopenia. Mild multilevel degenerative changes of the thoracic spine. No acute osseous abnormality identified. No aggressive osseous lesion.
LINES/TUBES/SUPPORT DEVICES: None.
OTHER FINDINGS:
Visualized lower neck structures are unremarkable. Stable calcific foci are scattered in both breasts. Visualized upper abdominal structures reveal no significant abnormality on this examination; a small hiatal hernia is seen.

IMPRESSION:
1. Bilateral lower lobe-predominant subpleural reticulation, intra- and interlobular septal thickening, and traction bronchiectatic/bronchiolectatic changes with apicobasal gradient, without honeycombing or significant ground-glass opacities, consistent with fibrotic interstitial lung disease; overall imaging appearance is most compatible with a probable UIP pattern.
2. No suspicious pulmonary nodule, focal consolidation, pleural effusion, or mediastinal lymphadenopathy.
3. No significant interval change compared to prior CT chest; likely benign.
4. Diffuse osteopenia and mild thoracic spondylotic degenerative changes."
9b0e5e9c-5c6d-4391-898b-44be789e0b6c,"FINDINGS:
LIGAMENTS:
SCAPHOLUNATE: The scapholunate interval is maintained without gross widening. No definite disruption of the scapholunate ligament is identified.
LUNOTRIQUETRAL: No definite disruption of the lunotriquetral ligament is identified.
TENDONS:
FLEXOR COMPARTMENTS: The visualized flexor tendons are intact without significant tenosynovitis or tendon tear.
EXTENSOR COMPARTMENTS: The visualized extensor tendons are intact without significant tenosynovitis or tendon tear.
NERVES:
MEDIAN: No gross abnormality of the visualized carpal tunnel. The median nerve demonstrates normal course and signal intensity within the carpal tunnel.
ULNAR: No gross abnormality of the visualized Guyon canal. The ulnar nerve demonstrates normal course and signal intensity within Guyon's canal.
BONES: Carpal alignment is maintained. No acute fracture or dislocation. No focal bone marrow edema or suspicious osseous lesion. The marrow signal is normal.
MUSCLES: The musculature is of normal bulk and signal intensity.
JOINTS: No subluxation or effusion. The radiocarpal and intercarpal articulations are maintained, without significant degenerative change.
CARTILAGE: The articular cartilage is preserved in thickness and signal intensity.
TRIANGULAR FIBROCARTILAGE: The triangular fibrocartilage complex demonstrates mild heterogeneous increased signal, particularly along its ulnar-sided attachment, compatible with degenerative/intrasubstance signal, without definite full-thickness tear. No significant DRUJ effusion.
OTHER FINDINGS:
No focal soft tissue mass or significant fluid collection identified.

IMPRESSION:
1. No acute fracture or dislocation.
2. Mild heterogeneous/intrasubstance signal within the TFCC, without a definite full-thickness tear on the provided images.
3. No gross scapholunate or lunotriquetral ligament disruption.
4. No significant tendon abnormality."
9e441726-c216-4eb4-bcb9-5cf9969e0f70,"FINDINGS:
VERTEBRAE: Vertebral body heights are maintained. No acute fracture, focal osseous lesion, or acute compression deformity. No focal suspicious marrow signal abnormality.
ALIGNMENT: Grade 1 retrolisthesis of L5 over S1. Vertebral alignment is otherwise maintained.
SPINAL CORD: The conus medullaris terminates at an appropriate level, demonstrating normal signal and morphology. The visualized cauda equina nerve roots are unremarkable.
DISCS/DEGENERATIVE CHANGES: Multilevel intervertebral disc desiccation is noted, involving the lower lumbar levels, with associated reduction in disc height at L4-L5 and L5-S1. Facet arthropathy is present at multiple levels (see below), greater on the left. No ligamentum flavum hypertrophy.
L1-L2: No significant disc bulge. No significant central canal or neural foraminal stenosis.
L2-L3: No significant disc bulge. No significant central canal or neural foraminal stenosis.
L3-L4: Mild diffuse posterior disc bulge with mild ventral thecal sac indentation and mild bilateral lateral recess narrowing. Bilateral facet arthrosis. No significant central canal stenosis.
L4-L5: Diffuse posterior disc bulge with moderate central canal and bilateral lateral recess stenosis. Superimposed left foraminal disc herniation with bilateral facet arthrosis, greater on the left, resulting in moderate left neural foraminal narrowing, with impingement of the exiting left L4 and traversing left L5 nerve roots.
L5-S1: Diffuse posterior disc bulge resulting in mild central canal narrowing. Bilateral facet arthrosis, greater on the left, with moderate left neural foraminal and lateral recess narrowing, resulting in impingement of the exiting left L5 nerve root.
PARASPINAL SOFT TISSUES: The paravertebral soft tissues show no significant abnormality.

IMPRESSION:
1. Multilevel lumbar spondylosis with disc desiccation and diffuse disc bulges, predominantly at L4-L5 and L5-S1.
2. L4-L5: Diffuse disc bulge with superimposed left foraminal disc herniation and left-predominant facet arthrosis, resulting in moderate central canal stenosis and moderate left foraminal/lateral recess stenosis with impingement of the exiting left L4 and traversing left L5 nerve roots.
3. L5-S1: Diffuse disc bulge and left-predominant facet arthrosis causing mild central canal narrowing and moderate left foraminal/lateral recess stenosis, with impingement of the exiting left L5 nerve root.
4. L3-L4: Mild disc bulge with bilateral facet arthrosis and lateral recess narrowing.
5. Grade 1 retrolisthesis of L5 over S1."
9f238d30-dbd0-48d2-b327-3528f6542fb5,"FINDINGS:
VERTEBRAE: Transitional lumbosacral anatomy with sacralization of the L5 vertebra, resulting in four non-rib-bearing lumbar-type vertebral bodies. Multilevel early degenerative spondylotic changes with marginal endplate osteophyte formation and endplate sclerosis. No fracture or acute osseous lesion.
DISC SPACES: Preserved.
SOFT TISSUES: Unremarkable.

IMPRESSION:
Transitional lumbosacral anatomy with sacralization of L5. Multilevel early degenerative spondylotic changes. No acute abnormality evident in the lumbar spine."
a2771d2d-a706-4501-a0df-11045de0b0df,"FINDINGS:
LOWER THORAX: No pleural effusion or basilar consolidation.
LIVER: The liver is normal in size and contour with preserved parenchymal signal intensity. No focal hepatic lesion is seen. No intrahepatic biliary radicle dilatation.
GALLBLADDER AND BILE DUCTS: The gallbladder is adequately distended, without evidence of intraluminal calculus or focal mural abnormality. The common hepatic duct and common bile duct are normal in caliber with smooth distal tapering, without intraductal filling defect or obstructing lesion. No intrahepatic biliary ductal dilatation.
PANCREAS: Normal morphology and signal characteristics. The main pancreatic duct is not dilated. No focal pancreatic lesion or peripancreatic collection is identified.
SPLEEN: Normal in size and signal intensity. A cystic lesion is noted within the splenic parenchyma.
ADRENALS: The visualized adrenal glands are unremarkable.
KIDNEYS: The left kidney is not visualized, consistent with the known history of a solitary kidney. The right kidney is visualized and shows a large, well-defined cyst arising from its lower pole, measuring approximately 66 x 60 mm. No right hydronephrosis or suspicious renal mass.
STOMACH AND BOWEL: The visualized portions of the stomach and bowel are unremarkable. No bowel wall thickening or obstruction.
LYMPH NODES: No significant upper abdominal lymphadenopathy or free fluid is seen.
VASCULATURE: The abdominal aorta and major visceral vessels are patent. No evidence of aneurysm or dissection.

IMPRESSION:
1. Non-visualization of the left kidney, consistent with a solitary right kidney.
2. Large right renal lower-pole cyst, measuring approximately 66 x 60 mm.
3. Small splenic cyst.
4. No intrahepatic or extrahepatic biliary ductal dilatation or definite choledocholithiasis.
5. No pancreatic ductal dilatation."
a67db807-aa38-4995-892f-231f079c570f,"FINDINGS:
VERTEBRAE: Vertebral body heights are maintained. No acute fracture, compression deformity, or focal osseous lesion. No significant focal marrow signal abnormality.
ALIGNMENT: Lumbar lordosis is mildly straightened. No significant spondylolisthesis.
SPINAL CORD: The conus medullaris terminates at approximately the L1 level, demonstrating normal signal intensity. Significant crowding of the cauda equina nerve roots is noted at L4-L5, secondary to severe canal stenosis.
DISCS/DEGENERATIVE CHANGES: Multilevel intervertebral disc desiccation and diffuse disc bulges are noted, predominantly involving the lower lumbar levels. Multilevel facet joint hypertrophic/degenerative changes are present. Multilevel ligamentum flavum hypertrophy is noted, most pronounced at the lower lumbar levels, contributing to central canal and lateral recess narrowing.
L1-L2: Diffuse disc bulge causing mild left neural foraminal narrowing. No significant central canal stenosis.
L2-L3: No significant central canal stenosis. Diffuse disc bulge with left neural foraminal narrowing, abutting the left exiting nerve root.
L3-L4: Diffuse disc bulge with bilateral neural foraminal narrowing, abutting the bilateral exiting nerve roots. Associated ligamentum flavum hypertrophy contributes to thecal sac narrowing.
L4-L5: Diffuse disc bulge with superimposed posterior central disc protrusion. There is significant central spinal canal stenosis, with AP canal diameter measuring approximately 5 mm. Marked crowding/compression of the cauda equina nerve roots is noted. Bilateral lateral recess and neural foraminal narrowing is seen with compression of the bilateral traversing and exiting nerve roots. Associated ligamentum flavum hypertrophy and posterior longitudinal ligament elevation/lifting contribute to the canal stenosis.
L5-S1: Diffuse disc bulge with superimposed posterior central disc protrusion. Central canal AP diameter measures approximately 9.8 mm, suggestive of mild central canal narrowing. Bilateral neural foraminal narrowing is noted with compression of the bilateral exiting nerve roots.
PARASPINAL SOFT TISSUES: No significant abnormality identified.

IMPRESSION:
1. Multilevel lumbar spondylosis with multilevel intervertebral disc desiccation and diffuse disc bulges.
2. L4-L5: Posterior central disc protrusion with severe central canal stenosis (AP diameter ~5 mm), associated with marked crowding/compression of the cauda equina nerve roots, and bilateral lateral recess and neural foraminal narrowing with compression of the bilateral traversing and exiting nerve roots.
3. L5-S1: Posterior central disc protrusion with mild central canal narrowing (AP diameter ~9.8 mm) and bilateral neural foraminal narrowing with compression of the bilateral exiting nerve roots.
4. L2-L3: Left neural foraminal narrowing with abutment of the left exiting nerve root.
5. L3-L4: Bilateral neural foraminal narrowing with abutment of the bilateral exiting nerve roots.
6. Multilevel ligamentum flavum hypertrophy and facet arthropathy, contributing to spinal canal and foraminal stenosis.
7. Posterior longitudinal ligament elevation/lifting at the lower lumbar level, related to the posterior disc protrusion."
a8abd8d5-b136-4415-96cf-f08729c3bf2c,"FINDINGS:
BONES: No acute fracture or focal osseous lesion.
JOINTS: No dislocation. Degenerative changes are noted with multiple reduced joint spaces.
SOFT TISSUES: The soft tissues are unremarkable.

IMPRESSION:
Degenerative changes with multiple reduced joint spaces. No acute fracture or dislocation."
a8d31bb3-825c-46fe-ab14-2c038ec47778,"FINDINGS:
ROTATOR CUFF TENDONS AND MUSCLES: The supraspinatus and subscapularis tendons demonstrate tendinosis. The infraspinatus and teres minor tendons are normal.
LIGAMENTS: Visualized ligaments are normal.
BICEPS ANCHOR COMPLEX: Mild fluid is noted along the biceps tendon.
GLENOHUMERAL JOINT: Mild joint effusion. The articular cartilage is preserved. The labrum is intact.
ACROMIOCLAVICULAR JOINT: Mild degenerative changes are present.
BONES: No acute fracture, dislocation, or aggressive osseous lesion. Normal bone marrow signal.
PERIARTICULAR SOFT TISSUE: Mild subdeltoid/subacromial fluid is present.

IMPRESSION:
1. Supraspinatus and subscapularis tendinosis.
2. Mild acromioclavicular joint degenerative changes.
3. Mild subdeltoid/subacromial bursal fluid.
4. Mild glenohumeral joint effusion.
5. Mild fluid along the biceps tendon."
a9f7e486-1730-4312-93df-cc9e7049b2ed,"FINDINGS:
BONES: Complete, mildly displaced, midshaft acute fracture of the right clavicle, with superior displacement and overriding of the proximal fragment. No fracture of the humerus or focal osseous lesion.
JOINTS: No dislocation. Mild glenohumeral osteoarthritic changes are noted; the remaining joint spaces and articular margins are normal.
SOFT TISSUES: The soft tissues are unremarkable.

IMPRESSION:
1. Complete, mildly displaced, midshaft fracture of the right clavicle with superior displacement and overriding of the proximal fragment.
2. Mild glenohumeral osteoarthritic changes.
No humeral fracture or dislocation."
aa9fc78f-f9c6-4a25-85ec-86ec0c66b216,"FINDINGS:
BONES: No acute fracture or focal osseous lesion. A calcaneal spur is noted, likely at the plantar aspect of the calcaneus.
JOINTS: No dislocation. Multicompartmental degenerative osteoarthritic changes are noted, with multiple reduced joint spaces, marginal osteophyte formation, and subchondral degenerative changes.
SOFT TISSUES: The soft tissues are unremarkable.

IMPRESSION:
Multicompartmental degenerative osteoarthritic changes with multiple reduced joint spaces. Calcaneal spur. No acute osseous abnormality."
b33e48c9-3967-42e7-813d-45a72a2a57aa,"FINDINGS:
COMMON FEMORAL ARTERY: Bilateral common femoral arteries are patent, with preserved color Doppler flow. No focal significant elevation in peak systolic velocity to suggest hemodynamically significant stenosis.
SUPERFICIAL FEMORAL ARTERY: The proximal, mid, and distal superficial femoral arteries are patent bilaterally, with preserved color Doppler flow. No focal significant elevation in peak systolic velocity to suggest hemodynamically significant stenosis.
POPLITEAL ARTERY: Bilateral popliteal arteries are patent, with preserved color Doppler flow. No focal significant elevation in peak systolic velocity to suggest hemodynamically significant stenosis.
CALF ARTERIES: The anterior tibial and peroneal arteries are patent with normal triphasic waveforms. No hemodynamically significant stenosis or occlusion. The posterior tibial arteries are patent bilaterally, with preserved color Doppler flow. No focal significant elevation in peak systolic velocity to suggest hemodynamically significant stenosis.
OTHER FINDINGS:
The profunda femoris arteries and dorsalis pedis arteries are patent bilaterally, with preserved color Doppler flow. Bilateral lower extremity subcutaneous edema is present.

IMPRESSION:
1. No flow limiting stenosis or occlusion in the bilateral lower extremities.
2. Bilateral lower extremity subcutaneous edema."
b7fc16f0-51ec-425f-bb3d-79fa950b00af,"FINDINGS:
TENDONS:
FLEXORS: The iliopsoas tendon is intact. The rectus femoris tendon is grossly intact.
EXTENSORS/HAMSTRING: The hamstring origin (proximal hamstring) tendons are grossly intact.
ABDUCTORS: Mild insertional tendinopathy of the gluteus medius and minimus tendons at the greater trochanter, with mild adjacent peritrochanteric soft-tissue edema.
ADDUCTORS: The adductor tendons are intact at their origin.
ROTATORS: The external rotator tendons are intact. The gluteus maximus tendon is intact.
BONES: No acute fracture, avascular necrosis, or aggressive osseous lesion. The femoral head maintains normal contour. Mild subchondral marrow signal abnormality is present along the superolateral acetabular margin. Mild degenerative osteophyte formation is present along the femoral head-neck junction, without significant femoroacetabular impingement morphology. Visualized portions of the sacrum and pelvic bones are grossly intact.
MUSCLES: The musculature is of normal bulk and signal intensity. No focal muscle tear or significant muscle atrophy.
FLUID: Small left hip joint effusion. No intra-articular loose body identified. Mild trochanteric bursitis. No significant iliopsoas bursitis.
LABRUM: Degenerative signal and irregularity involving the anterosuperior/superior acetabular labrum, suspicious for a degenerative labral tear. No large paralabral cyst identified.
CARTILAGE: Mild chondral thinning/irregularity, predominantly superiorly, in keeping with mild degenerative change.
OTHER FINDINGS:
The visualized sacroiliac joints are maintained, without significant marrow edema or erosive change. The pubic symphysis is unremarkable. No focal soft-tissue mass or drainable fluid collection is identified in the pelvic soft tissues. No gross abnormality of the visualized neurovascular structures.

IMPRESSION:
1. Mild left hip osteoarthrosis with superior chondral thinning/irregularity and small joint effusion.
2. Degenerative tearing/irregularity of the anterosuperior acetabular labrum.
3. Mild gluteus medius/minimus insertional tendinopathy with mild adjacent greater trochanteric bursitis.
4. No acute fracture or avascular necrosis of the left femoral head. No focal aggressive osseous lesion or significant muscle/tendon tear."
b92efe0b-9644-4f69-833f-64eded759dfb,"FINDINGS:
LUNGS: Lungs are clear. No focal air-space consolidation or pulmonary edema. No discrete pulmonary mass or suspicious focal parenchymal opacity.
PLEURAL SPACES: No pleural effusion or pneumothorax.
HEART: Cardiac silhouette is within normal size limits.
MEDIASTINUM/HILA: Cardiomediastinal silhouette is mildly prominent. Bilateral hilar prominence, appearing relatively symmetric, suspicious for bilateral hilar lymphadenopathy. No mediastinal widening.
DIAPHRAGM: Diaphragms are unremarkable. No subdiaphragmatic free air.
BONES: No acute osseous abnormality identified on this examination.
SOFT TISSUES: No acute soft tissue abnormality identified on the provided images.

IMPRESSION:
Bilateral hilar prominence, suspicious for bilateral hilar lymphadenopathy. Clinical correlation and contrast-enhanced CT chest recommended for further characterization."
bcc23ba7-8291-4c7d-8693-6eb23712a447,"FINDINGS:
BONES: No acute fracture or focal osseous lesion. Minimal enthesopathic change is present at the Achilles tendon insertion. A well-corticated os peroneum is incidentally noted. No significant plantar calcaneal spur is identified. Calcaneal morphology is maintained.
JOINTS: Subtalar alignment is maintained. No dislocation. The joint spaces are normal.
SOFT TISSUES: Mild soft tissue edema is present over the heel.

IMPRESSION:
1. Minimal enthesopathic change at the Achilles tendon insertion.
2. Incidental os peroneum.
3. No acute fracture."
c28fe8d5-1b78-4f89-beaf-c5bf1adb4115,"FINDINGS:
BONES: No acute fracture or focal osseous lesion. No sternoclavicular dislocation. Degenerative changes are present.
SOFT TISSUES: The soft tissues are unremarkable.

IMPRESSION:
Degenerative changes. No acute osseous abnormality."
cae63587-9491-47ca-8aaf-d4166a856ffe,"FINDINGS:
BRAIN: No acute intracranial hemorrhage, acute large territorial infarction, mass effect, midline shift, or extra-axial fluid collection. The gray-white matter differentiation is maintained.
VENTRICLES: The ventricles and cortical sulci are within normal limits. The basal cisterns are patent.
ORBITS: The globes and retrobulbar soft tissues are symmetric and unremarkable.
SINUSES AND MASTOIDS: Moderate mucosal thickening is present in the right sphenoid sinus. Mild mucosal thickening is present in the bilateral frontal and ethmoid sinuses and left sphenoid sinus. The visualized mastoid air cells are clear.
SOFT TISSUES: No significant facial or scalp soft tissue swelling evident.
BONES: No acute skull fracture or lesion.

IMPRESSION:
1. No acute intracranial abnormality.
2. Moderate mucosal thickening in the right sphenoid sinus with mild mucosal thickening in the bilateral frontal and ethmoid sinuses and left sphenoid sinus."
cdf174d7-ba12-40ab-99b0-e9d90e55a9fd,"FINDINGS:
LUNGS: A nodule is observed in the right upper and middle zones. Consolidation is observed in the right lower zone. The left lung is clear.
PLEURAL SPACES: Pleural effusion is observed on the right. There is no left pleural effusion. No pneumothorax is seen.
HEART: Cardiac silhouette is within normal size limits.
MEDIASTINUM/HILA: Cardiomediastinal silhouette is within normal limits. The trachea is centrally located. Both hila appear normal. No mediastinal widening or hilar enlargement.
DIAPHRAGM: No hiatus hernia. Diaphragms are otherwise unremarkable. No subdiaphragmatic free air.
BONES: No acute osseous abnormality identified on this examination. The bony thorax appears otherwise unremarkable. Degenerative changes are noted in the spine.
SOFT TISSUES: No acute soft tissue abnormality identified on the provided images.

IMPRESSION:
1. Nodule in the right upper and middle lung zones.
2. Consolidation in the right lower zone.
3. Right pleural effusion. No left pleural effusion or pneumothorax."
d14307e6-9059-4dc2-bbd4-6cc58e71f54c,"FINDINGS:
LIVER: Normal in size, demonstrating homogeneous parenchymal signal intensity. No focal hepatic lesion is identified.
GALLBLADDER: Adequately distended, with no obvious intraluminal calculus or wall thickening.
BILIARY TREE: The intrahepatic biliary radicles are not dilated. The common hepatic duct and common bile duct are normal in caliber, with no obvious intraductal filling defect or focal stricture. The CBD is seen to drain normally into the second part of the duodenum.
PANCREATIC DUCT: Normal in caliber and course. No filling defect.
PANCREAS: Normal in size and signal. No obvious focal pancreatic lesion or peripancreatic collection.
SPLEEN: Unremarkable.
KIDNEYS: Both kidneys are normal in size and morphology. Few small simple cortical cysts are noted bilaterally, without suspicious internal septation or solid component. No hydronephrosis.
OTHER FINDINGS:
Adrenal glands are unremarkable. No significant ascites or enlarged upper abdominal lymph nodes.

IMPRESSION:
1. No biliary or pancreatic ductal dilatation or abnormality. No choledocholithiasis or biliary stricture.
2. Few small simple bilateral renal cortical cysts."
d8c7357a-d804-4a1b-9eb7-4de840baf9f7,"FINDINGS:
BONES: No acute fracture. No focal aggressive osseous lesion. Few small subchondral cystic/geode-like lucencies are seen in the lateral tibial plateau and medial femoral condyle.
JOINTS: No dislocation. Mild narrowing of the medial tibiofemoral joint compartment with small marginal osteophyte formation. The lateral tibiofemoral and patellofemoral joint spaces are relatively maintained. No significant joint effusion.
SOFT TISSUES: The soft tissues are unremarkable.

IMPRESSION:
Mild degenerative changes of the knee with small subchondral cysts. No acute osseous abnormality."
ddac2ed8-a4f4-4f37-960a-49b27be1d7e5,"FINDINGS:
BONES: No acute fracture or focal osseous lesion. Mild degenerative changes are present in the midfoot with small dorsal marginal osteophytes. Moderate plantar calcaneal enthesophyte is present.
JOINTS: No dislocation. The joint spaces are normal.
SOFT TISSUES: The soft tissues are unremarkable.

IMPRESSION:
Mild degenerative changes in the midfoot with small dorsal marginal osteophytes. Moderate plantar calcaneal enthesophyte. No acute fracture or dislocation."
e9721e29-b1d3-4b38-9369-30cec1e63bc0,"FINDINGS:
BOWEL: Nonobstructive bowel gas pattern without evidence of dilated small or large bowel loops. Moderate colonic stool burden. No abnormal bowel wall thickening.
PERITONEUM/SOFT TISSUES: No appreciable free air or pneumoperitoneum evident on this single supine view. Multiple pelvic phleboliths are noted; no other abnormal calcifications.
ORGANS OUTLINE: Liver, spleen, and renal outlines are unremarkable where visualized.
BONES: Mild degenerative changes are present in the lower lumbar spine and sacroiliac joints. No acute osseous abnormality.
OTHER FINDINGS:
No definite radiopaque calculus is identified overlying the expected locations of either kidney or along the course of the ureters. Visualized lung bases are grossly clear.

IMPRESSION:
1. Nonobstructive bowel gas pattern with moderate colonic stool burden.
2. No definite radiopaque renal or ureteral calculus identified.
3. Pelvic phleboliths."
f6b3620a-65d6-49f7-9fe8-13a3ed4681fc,"FINDINGS:
UTERUS/CERVIX: Anteverted and measures 9.0 x 5.08 x 4.1 cm (volume 100.9 cm3). Myometrium is homogeneous, without focal or diffuse lesion.
The cervix is normal in appearance.
ENDOMETRIUM: Central and measures ~12 mm in thickness.
RIGHT OVARY: Not visualized due to overlying bowel gas.
LEFT OVARY: Not visualized due to overlying bowel gas.
FREE FLUID: No free fluid in the cul-de-sac.
OTHER FINDINGS:
Urinary bladder appears normal.

IMPRESSION:
1. Normal uterus.
2. Bilateral ovaries and adnexae not visualized due to overlying bowel gas.
3. No free fluid in the pelvis."
f7b1aa6a-9ef5-41b0-9175-55c9b80d5cd8,"FINDINGS:
BRAIN: There is a left cerebral convexity subdural collection, predominantly low attenuation with a small residual higher-attenuation component, measuring up to approximately 12-13 mm in maximal thickness, likely representing a subacute/chronic subdural hematoma with a possible small acute/subacute component. Mild associated mass effect upon the underlying left cerebral hemisphere with mild effacement of adjacent cortical sulci. No significant midline shift. No large territorial acute infarction. No intraparenchymal hemorrhage. Gray-white matter differentiation is otherwise preserved.
VENTRICLES: Mild generalized cerebral volume loss with prominence of the ventricles and cortical sulci. No hydrocephalus. The basal cisterns remain patent.
ORBITS: The globes and retrobulbar soft tissues are symmetric and unremarkable.
SINUSES AND MASTOIDS: The visualized paranasal sinuses and mastoid air cells are without significant acute abnormality.
SOFT TISSUES: No significant facial or scalp soft tissue swelling evident.
BONES: Postsurgical changes of the calvarium are present, compatible with prior evacuation/craniotomy. No acute calvarial fracture or lesion.

IMPRESSION:
1. Left cerebral convexity subdural hematoma/collection measuring up to approximately 12-13 mm in thickness, with mixed attenuation suggesting subacute/chronic blood products with a small acute/subacute component.
2. Mild associated mass effect without significant midline shift.
3. Postsurgical changes related to prior subdural hematoma evacuation.
4. No hydrocephalus or large acute territorial infarction."
